fGDGT_0,fGDGT_1,fGDGT_2,fGDGT_3,fGDGT_cren,fGDGT_cren_prime,SST
0.330589243,0.067609609,0.064170863,0.004866793,0.499163998,0.033599494,23.40901
0.282415155,0.062783799,0.052368999,0.010725396,0.560842121,0.03086453,22.38611
0.292011378,0.064581435,0.060659525,0.013756194,0.539284302,0.029707167,23.41811
0.30927021,0.069123602,0.059718388,0.00869436,0.515668055,0.037525385,22.126291
0.344232594,0.076125124,0.068809566,0.008161829,0.470696713,0.031974174,22.478
0.328431624,0.069246957,0.07035175,0.007158687,0.487788611,0.037022371,24.554491
0.297720977,0.073346752,0.072606442,0.010907081,0.503821316,0.041597433,23.59299
0.313385037,0.07307093,0.071792069,0.006095506,0.497572497,0.038083961,23.899809
0.256685729,0.068813559,0.08937023,0.012122106,0.523951803,0.049056574,27.743109
0.234902666,0.07095497,0.091567971,0.016249911,0.537073889,0.049250592,27.56929
0.189589377,0.063497985,0.080013618,0.01820983,0.605018446,0.043670744,27.52871
0.205340626,0.068953196,0.087240435,0.022420906,0.570673202,0.045371636,27.52871
0.171708781,0.06376583,0.088727922,0.022747637,0.604781212,0.048268617,27.7068
0.238238459,0.067944047,0.089057989,0.012626997,0.544638798,0.04749371,27.76251
0.20723775,0.067271673,0.08889238,0.017200193,0.56847128,0.050926724,27.52871
0.202558454,0.06881448,0.098607475,0.016757217,0.562398297,0.050864077,27.7068
0.240060195,0.072213199,0.095731803,0.013514261,0.528901469,0.049579073,27.660591
0.228444727,0.070145469,0.097444467,0.013069467,0.538971015,0.051924856,27.73231
0.548,0.041,0.012,0.002,0.392,0.005,-1.28251
0.543,0.031,0.009,0.002,0.41,0.005,-0.87941
0.54,0.042,0.014,0.002,0.396,0.007,1.16679
0.452,0.049,0.025,0.002,0.462,0.009,10.00281
0.426,0.053,0.028,0.003,0.479,0.011,11.28709
0.432,0.046,0.025,0.003,0.484,0.011,8.4463
0.419,0.055,0.033,0.003,0.479,0.011,13.03101
0.384,0.059,0.047,0.004,0.494,0.013,14.19919
0.388,0.056,0.043,0.003,0.494,0.015,15.58941
0.359,0.068,0.062,0.004,0.48,0.026,23.98399
0.365,0.058,0.051,0.003,0.498,0.024,18.02191
0.342,0.066,0.059,0.006,0.499,0.029,23.6273
0.369,0.062,0.055,0.006,0.482,0.027,24.66679
0.34,0.063,0.059,0.007,0.506,0.026,27.88769
0.345,0.067,0.063,0.006,0.49,0.031,27.43219
0.344,0.071,0.069,0.004,0.481,0.032,24.618
0.34,0.062,0.061,0.005,0.503,0.029,26.53549
0.224,0.06,0.066,0.007,0.598,0.045,24.00869
0.251,0.051,0.063,0.006,0.586,0.042,27.53981
0.23,0.045,0.067,0.007,0.603,0.047,29.68589
0.28331704,0.06948833,0.125957963,0.014629122,0.427255905,0.07935164,25.20509
0.427925308,0.059960351,0.072626693,0.008357174,0.375170645,0.055959829,25.9219
0.327639013,0.076111359,0.086292001,0.009768064,0.441153732,0.059035831,26.0559
0.279253872,0.074106652,0.10925325,0.011037103,0.441584276,0.084764846,26.5194
0.237840415,0.059831068,0.081706236,0.009628297,0.549665628,0.061328356,25.005009
0.297734701,0.086441797,0.13749347,0.014252797,0.380405929,0.083671305,25.005009
0.182,0.05,0.064,0.011,0.635,0.058,27.24951
0.176,0.051,0.07,0.011,0.63,0.061,28.43491
0.152,0.046,0.068,0.016,0.66,0.059,28.67721
0.204,0.057,0.07,0.012,0.602,0.055,27.175
0.181,0.048,0.065,0.012,0.642,0.051,27.46781
0.194,0.05,0.063,0.009,0.625,0.06,27.81301
0.18,0.049,0.072,0.009,0.628,0.061,27.6889
0.177,0.052,0.076,0.009,0.622,0.063,28.51731
0.2,0.059,0.078,0.011,0.597,0.056,26.8683
0.169,0.051,0.063,0.014,0.651,0.053,26.793491
0.193,0.06,0.077,0.013,0.593,0.065,27.199509
0.197,0.061,0.073,0.01,0.604,0.054,27.10921
0.193,0.066,0.07,0.009,0.613,0.048,27.24279
0.217,0.055,0.073,0.009,0.592,0.054,27.2654
0.2,0.063,0.086,0.012,0.575,0.065,27.19171
0.213,0.057,0.073,0.011,0.592,0.054,27.73279
0.203,0.064,0.087,0.011,0.573,0.06,27.52539
0.193,0.062,0.085,0.011,0.591,0.059,27.84929
0.183,0.057,0.077,0.01,0.625,0.049,27.73991
0.212,0.06,0.078,0.01,0.584,0.057,27.66069
0.205,0.061,0.078,0.012,0.586,0.058,27.96099
0.201,0.058,0.075,0.01,0.604,0.053,28.03131
0.213,0.062,0.085,0.01,0.571,0.059,28.0873
0.218,0.055,0.079,0.009,0.577,0.061,28.955809
0.199,0.052,0.076,0.009,0.606,0.058,28.83789
0.179,0.05,0.08,0.01,0.63,0.051,28.932209
0.179,0.052,0.077,0.01,0.633,0.049,29.1181
0.145,0.05,0.071,0.013,0.663,0.058,28.64389
0.135,0.05,0.077,0.014,0.667,0.058,28.83769
0.119,0.047,0.072,0.015,0.7,0.046,28.77821
0.137,0.049,0.07,0.013,0.67,0.06,28.83769
0.175,0.05,0.069,0.012,0.64,0.054,27.22909
0.365157166,0.063440687,0.049910682,0.007952636,0.494596823,0.018942006,17.98451
0.307882323,0.072354321,0.055075677,0.007343424,0.535637959,0.021706296,17.98451
0.535249976,0.048536126,0.036402094,0.005651467,0.360696549,0.013463788,15.27881
0.455142745,0.061369317,0.043299463,0.006239214,0.41867512,0.015274141,14.9033
0.280991577,0.078901462,0.04789369,0.007387589,0.567889507,0.016936174,13.241309
0.467910435,0.049251644,0.024053129,0.005364229,0.44479198,0.008628583,11.8515
0.43600598,0.066957906,0.036321505,0.005716689,0.442174849,0.012823071,11.8515
0.448113823,0.069313579,0.039135141,0.005365952,0.425241633,0.012829871,13.56149
0.45967313,0.071767323,0.035433239,0.005104789,0.417391547,0.010629972,9.8801
0.431359919,0.055545314,0.027874017,0.004469979,0.470310685,0.010440086,10.37591
0.47188216,0.05389317,0.028766507,0.005436283,0.43091053,0.009111351,11.8319
0.452606676,0.059614164,0.032470694,0.005369503,0.439707312,0.010231651,11.8515
0.458836394,0.046132743,0.020510631,0.006399058,0.460680409,0.007440765,12.52831
0.5152,0.0698,0.0209,0.0042,0.3832,0.0068,0.10071
0.4962,0.0609,0.0179,0.0027,0.4146,0.0077,-1.5944101
0.4634,0.0432,0.0123,0.005,0.4733,0.0029,6.62291
0.496,0.0225,0.0055,0.0026,0.4707,0.0027,-0.54161
0.5112,0.0676,0.0207,0.0032,0.3883,0.0091,0.80079
0.5434,0.061,0.0192,0.0039,0.3655,0.0069,0.6523
0.5492,0.0329,0.0092,0.0042,0.4016,0.003,6.65599
0.497,0.0481,0.014,0.0031,0.4307,0.0071,-1.6404101
0.541,0.0234,0.0068,0.0024,0.4237,0.0027,-0.13101
0.5461,0.0608,0.0197,0.0034,0.3622,0.0078,0.068909995
0.5164,0.0328,0.0097,0.0027,0.4341,0.0043,-1.68461
0.4588,0.0345,0.0103,0.0038,0.4891,0.0036,11.3955
0.4967,0.0204,0.0049,0.0025,0.4724,0.003,1.65999
0.5642,0.0242,0.0068,0.0034,0.3991,0.0022,5.9996
0.494,0.0554,0.0175,0.0029,0.4217,0.0085,-1.53881
0.5419,0.0398,0.0117,0.0053,0.3975,0.0038,7.04811
0.5404,0.0342,0.011,0.003,0.4074,0.004,7.97689
0.5056,0.0232,0.0064,0.0027,0.459,0.0032,-1.46031
0.5421,0.0341,0.0104,0.0047,0.4057,0.0029,6.60629
0.503,0.0342,0.0099,0.003,0.4446,0.0052,-1.31891
0.531,0.0204,0.0056,0.0021,0.4378,0.0031,-1.48721
0.4886,0.0279,0.0087,0.0037,0.4686,0.0025,11.1444
0.5258,0.0389,0.0118,0.0053,0.4145,0.0037,6.90029
0.5681,0.0274,0.0084,0.0037,0.3898,0.0026,6.07719
0.5326,0.0502,0.0167,0.0032,0.39,0.0072,0.81859
0.5414,0.0219,0.0068,0.0024,0.4248,0.0026,-1.50741
0.5574,0.0261,0.0077,0.0037,0.4023,0.0028,6.20519
0.5328,0.0367,0.0108,0.0039,0.4104,0.0053,13.18201
0.4826,0.0197,0.0051,0.0025,0.487,0.0031,2.10091
0.5336,0.0275,0.0078,0.0035,0.4238,0.0038,4.98141
0.5435,0.017,0.0047,0.0021,0.4302,0.0025,-0.24681
0.5111,0.0208,0.0052,0.0025,0.4566,0.0038,-0.87431
0.5515,0.0198,0.0058,0.0031,0.4178,0.0021,5.36089
0.4792,0.0495,0.0167,0.0057,0.4436,0.0051,11.495509
0.5234,0.041,0.0151,0.0031,0.4127,0.0047,9.33311
0.5436,0.0282,0.0085,0.0042,0.4126,0.0031,6.324
0.4778,0.0345,0.0113,0.003,0.4683,0.005,-1.74691
0.5261,0.0325,0.0108,0.0031,0.4232,0.0044,7.15161
0.5152,0.0206,0.0057,0.003,0.4527,0.0029,-1.73191
0.4563,0.0532,0.0188,0.0071,0.4605,0.0041,11.565909
0.528,0.0321,0.0098,0.0035,0.4216,0.0049,7.98381
0.5053,0.0248,0.0066,0.0035,0.4559,0.0039,-0.87441003
0.5517,0.0195,0.0057,0.0031,0.4178,0.0023,5.48821
0.5183,0.0256,0.0078,0.0037,0.4415,0.003,6.30859
0.5295,0.0234,0.007,0.0035,0.4339,0.0028,6.3393
0.5527,0.021,0.0062,0.0032,0.4143,0.0025,5.65379
0.4635,0.0373,0.0127,0.0049,0.4779,0.0037,12.7035
0.4461,0.0237,0.0067,0.0023,0.5167,0.0045,-0.54001004
0.5303,0.0337,0.0109,0.0036,0.4167,0.0048,8.71311
0.5486,0.0281,0.0091,0.0042,0.4072,0.0028,6.47189
0.4957,0.0233,0.0073,0.0028,0.4676,0.0034,8.2266
0.5596,0.0176,0.0053,0.0031,0.4126,0.0017,3.97571
0.4995,0.0566,0.0223,0.0032,0.4111,0.0073,9.674009
0.565,0.0373,0.0123,0.0025,0.376,0.0068,-0.87301004
0.5208,0.015,0.004,0.0018,0.4555,0.0029,-1.5599
0.5319,0.0361,0.0116,0.0027,0.411,0.0068,-0.87301004
0.5015,0.0642,0.0262,0.0034,0.3966,0.0081,10.3355
0.5417,0.0505,0.0176,0.003,0.3781,0.0092,1.1666
0.5312,0.0328,0.0107,0.0035,0.4165,0.0052,5.15859
0.5431,0.019,0.0057,0.0032,0.4267,0.0024,8.8103
0.5317,0.0235,0.0069,0.0027,0.4308,0.0044,-1.48951
0.5214,0.0371,0.0121,0.0043,0.4194,0.0057,-1.2352101
0.5506,0.0245,0.0062,0.0059,0.4103,0.0025,-1.18131
0.4948,0.0636,0.0262,0.0032,0.4035,0.0087,7.96429
0.5591,0.0189,0.006,0.0033,0.4106,0.0021,3.9012
0.55,0.0172,0.0052,0.003,0.4225,0.002,4.54619
0.4794,0.0181,0.0048,0.0025,0.4917,0.0035,1.54109
0.499,0.0543,0.022,0.0032,0.414,0.0075,10.07401
0.5143,0.06,0.0249,0.0031,0.3896,0.0081,5.73601
0.4921,0.0592,0.0243,0.0035,0.413,0.008,7.46549
0.4682,0.034,0.0127,0.0032,0.4773,0.0047,6.62291
0.4995,0.0472,0.0191,0.0032,0.4247,0.0063,12.760791
0.5107,0.0158,0.0047,0.003,0.4639,0.0019,1.2144101
0.5767,0.0147,0.0047,0.0027,0.3996,0.0016,2.48089
0.5262,0.0368,0.013,0.0039,0.4145,0.0056,9.087009
0.5306,0.0154,0.0046,0.0027,0.4445,0.0021,0.98311
0.5814,0.0174,0.0054,0.003,0.3906,0.0022,2.48089
0.5258,0.0148,0.0043,0.0026,0.4504,0.0021,1.76021
0.4333,0.0216,0.0072,0.0022,0.5319,0.0037,9.1679
0.4688,0.0233,0.0078,0.0029,0.4936,0.0036,9.2883
0.4789,0.0648,0.0274,0.0034,0.4164,0.0091,10.081909
0.4928,0.0606,0.0248,0.0032,0.4093,0.0094,9.08909
0.5028,0.0331,0.0123,0.0049,0.4438,0.0032,11.276891
0.4313,0.0234,0.0085,0.0028,0.5308,0.0032,9.2745
0.4872,0.0603,0.0261,0.0035,0.4151,0.0077,7.9257
0.5301,0.0157,0.0051,0.0028,0.4444,0.0019,0.8358
0.5124,0.0145,0.0044,0.0027,0.464,0.002,2.57669
0.5002,0.0145,0.0045,0.0026,0.4763,0.0019,1.6842899
0.5059,0.0345,0.0131,0.0048,0.4381,0.0036,11.36801
0.5283,0.0365,0.0133,0.0051,0.4123,0.0045,16.68951
0.5652,0.0147,0.0048,0.0029,0.4109,0.0016,2.48089
0.4367,0.013,0.0038,0.0017,0.542,0.0027,-0.37381002
0.49,0.0383,0.0152,0.0038,0.4473,0.0053,-1.3013101
0.5067,0.0153,0.0047,0.0028,0.4683,0.0023,3.80649
0.4786,0.0627,0.0271,0.0038,0.4189,0.009,9.756
0.5004,0.0613,0.0291,0.0035,0.3992,0.0065,7.72919
0.5824,0.0179,0.006,0.0034,0.3882,0.0021,-1.65431
0.5475,0.015,0.005,0.0031,0.4278,0.0016,2.48089
0.4062,0.0218,0.0077,0.0021,0.558,0.0042,8.891709
0.4971,0.0142,0.0045,0.0029,0.4794,0.0018,2.61311
0.4871,0.0637,0.0288,0.0037,0.4077,0.0092,10.06331
0.5356,0.0273,0.0113,0.0038,0.4192,0.0028,1.78769
0.5524,0.0154,0.005,0.0031,0.4221,0.0021,0.67739
0.5117,0.0607,0.0291,0.0035,0.3875,0.0074,9.896391
0.5327,0.0159,0.0052,0.0031,0.441,0.0022,2.48089
0.4704,0.0667,0.0294,0.0042,0.4186,0.0106,11.01481
0.5886,0.041,0.0156,0.005,0.3431,0.0066,0.86701
0.5182,0.0161,0.0053,0.003,0.455,0.0023,13.728109
0.5209,0.0397,0.0165,0.0045,0.4129,0.0055,13.693291
0.5377,0.0359,0.015,0.0043,0.4024,0.0047,14.3382
0.471,0.0684,0.0312,0.0043,0.4148,0.0103,12.23561
0.5478,0.0163,0.0055,0.0033,0.425,0.0021,0.3688
0.4968,0.057,0.0255,0.004,0.408,0.0087,9.596709
0.5753,0.044,0.0186,0.0044,0.3512,0.0066,15.11159
0.4632,0.0393,0.0171,0.0058,0.471,0.0034,11.47781
0.4429,0.0215,0.0082,0.0025,0.5211,0.0038,8.780809
0.4781,0.043,0.0174,0.0068,0.4498,0.0049,11.47781
0.5127,0.0148,0.0048,0.0029,0.4624,0.0025,2.54479
0.4808,0.0622,0.0283,0.0039,0.4142,0.0107,11.594509
0.4572,0.0445,0.0196,0.0071,0.4676,0.0041,11.34459
0.4821,0.0394,0.0176,0.0041,0.4511,0.0056,12.736509
0.5214,0.0378,0.0162,0.0046,0.4146,0.0055,14.39211
0.5166,0.0393,0.0166,0.0045,0.4168,0.0062,13.693291
0.4296,0.0198,0.0067,0.0026,0.5367,0.0045,9.796591
0.4738,0.0557,0.0254,0.0035,0.4314,0.0102,13.791491
0.4776,0.0135,0.0043,0.0029,0.4994,0.0022,2.18121
0.5119,0.0597,0.0233,0.0038,0.3865,0.0148,0.0651
0.4745,0.0658,0.0303,0.0053,0.4134,0.0106,5.1633
0.4471,0.0779,0.0337,0.0109,0.4201,0.0103,2.76191
0.4833,0.0662,0.032,0.0052,0.4039,0.0096,5.89581
0.5575,0.0417,0.0182,0.0051,0.3713,0.0062,13.728109
0.4874,0.0398,0.0176,0.0039,0.4446,0.0068,13.9663
0.4519,0.018,0.0066,0.0026,0.5173,0.0036,9.1941
0.5033,0.015,0.0051,0.0032,0.4711,0.0024,0.79849
0.5049,0.0218,0.0058,0.006,0.4578,0.0037,-1.15741
0.5819,0.0569,0.0244,0.0064,0.3203,0.0101,16.73831
0.5115,0.0149,0.0052,0.0031,0.463,0.0024,0.83601004
0.4911,0.0133,0.0047,0.0031,0.486,0.0018,2.68431
0.472,0.0255,0.0109,0.0021,0.4842,0.0054,12.077209
0.5122,0.0476,0.0209,0.0099,0.4059,0.0036,11.5423
0.4961,0.0324,0.014,0.0034,0.4481,0.006,12.58101
0.4195,0.0191,0.0068,0.0027,0.5476,0.0043,15.6926
0.3462,0.0186,0.0065,0.0035,0.6216,0.0035,9.63631
0.5132,0.0148,0.0051,0.0032,0.4612,0.0025,0.6863
0.4924,0.0129,0.0045,0.003,0.4852,0.0019,2.48089
0.4576,0.0699,0.0346,0.005,0.4212,0.0117,12.74531
0.4527,0.0684,0.0332,0.0047,0.4286,0.0123,13.53541
0.5453,0.0395,0.0181,0.0052,0.3862,0.0058,13.728109
0.4896,0.014,0.0048,0.0031,0.486,0.0025,2.27381
0.4994,0.06,0.0267,0.0046,0.3962,0.0132,1.29481
0.5008,0.0565,0.0232,0.0054,0.4006,0.0134,1.32261
0.483,0.0134,0.0047,0.0031,0.4936,0.0022,2.26989
0.4712,0.0125,0.0042,0.003,0.5069,0.0022,4.20259
0.4615,0.0566,0.0267,0.004,0.4393,0.012,13.838409
0.4798,0.0127,0.0042,0.003,0.4977,0.0025,3.27321
0.4704,0.0121,0.0041,0.0026,0.5081,0.0027,-1.07131
0.4576,0.0125,0.0041,0.0029,0.5203,0.0026,-0.9719
0.4687,0.0123,0.0044,0.0031,0.5095,0.002,2.26989
0.5317,0.0322,0.011,0.0028,0.4109,0.0113,-0.97911
0.4784,0.013,0.0046,0.0032,0.4983,0.0024,2.68431
0.4737,0.0377,0.0183,0.0039,0.4586,0.0078,16.12891
0.4499,0.0674,0.0338,0.0051,0.429,0.0148,13.061609
0.4707,0.0557,0.0293,0.0046,0.4292,0.0106,16.26701
0.4563,0.0117,0.0043,0.0031,0.5225,0.002,2.26989
0.5512,0.0341,0.0123,0.0028,0.3872,0.0124,-0.65601003
0.5112,0.0533,0.022,0.0038,0.3923,0.0174,2.24749
0.3918,0.0361,0.0134,0.0053,0.5428,0.0107,14.60919
0.3767,0.0369,0.0147,0.0061,0.5565,0.0091,14.593691
0.4771,0.0132,0.0049,0.0031,0.4989,0.0028,2.27381
0.4591,0.0754,0.0396,0.0064,0.4033,0.0162,11.9772
0.4363,0.0824,0.0507,0.0021,0.4135,0.0151,15.005891
0.4519,0.0693,0.0381,0.0059,0.4209,0.0138,13.869809
0.4148,0.0306,0.0141,0.0038,0.529,0.0078,15.159
0.4461,0.053,0.0288,0.0038,0.4565,0.0117,12.03671
0.4372,0.0705,0.0388,0.0065,0.4328,0.0142,14.93841
0.4318,0.0238,0.011,0.0037,0.5242,0.0056,18.6821
0.4645,0.0421,0.0229,0.0042,0.4577,0.0087,16.09569
0.4224,0.0719,0.0401,0.0063,0.4443,0.015,14.929609
0.5034,0.0266,0.0123,0.0042,0.4472,0.0063,12.089291
0.4964,0.0737,0.042,0.0061,0.3665,0.0153,17.769209
0.4461,0.0578,0.0334,0.0096,0.4461,0.007,0.12431
0.454,0.0675,0.04,0.0043,0.4194,0.0149,9.843209
0.4709,0.0599,0.0316,0.0054,0.4166,0.0156,10.3355
0.4531,0.0447,0.0249,0.0043,0.4629,0.0101,16.70799
0.434,0.0846,0.0547,0.0035,0.4062,0.0169,12.496409
0.4492,0.0709,0.0411,0.0055,0.4167,0.0166,10.1177
0.4058,0.0328,0.015,0.0035,0.5319,0.0109,14.94939
0.4507,0.0713,0.042,0.0073,0.4137,0.015,17.91069
0.4194,0.0723,0.0417,0.0068,0.443,0.0169,15.310691
0.4954,0.0649,0.0382,0.0068,0.3808,0.0138,17.17961
0.4052,0.0704,0.0466,0.0037,0.4606,0.0135,12.478709
0.496,0.0763,0.0457,0.0075,0.3585,0.016,18.188509
0.4539,0.0613,0.0295,0.0065,0.4284,0.0205,1.74551
0.489,0.0726,0.0439,0.0073,0.3714,0.0157,18.10409
0.4304,0.0617,0.0385,0.0038,0.451,0.0147,12.1644
0.4118,0.0705,0.0414,0.0051,0.4522,0.0189,12.77639
0.4058,0.0261,0.0137,0.0038,0.5438,0.0069,19.1763
0.5038,0.0694,0.0417,0.007,0.3616,0.0165,17.9456
0.4428,0.0903,0.06,0.0067,0.381,0.0192,18.71171
0.4806,0.0709,0.045,0.0071,0.381,0.0154,17.80531
0.3819,0.0332,0.0175,0.0035,0.5527,0.0111,15.1453
0.3929,0.0761,0.0488,0.0072,0.4567,0.0182,16.0663
0.5178,0.0769,0.0496,0.0077,0.3303,0.0177,18.58789
0.4499,0.0844,0.0572,0.0069,0.3833,0.0183,18.512291
0.4635,0.0758,0.0502,0.0072,0.386,0.0173,18.44991
0.4456,0.0491,0.0308,0.0052,0.4567,0.0126,17.2873
0.492,0.0705,0.0454,0.0073,0.3674,0.0174,17.70779
0.4617,0.0768,0.0512,0.0074,0.3849,0.018,18.369009
0.4551,0.0748,0.0494,0.0076,0.3951,0.0181,18.24399
0.4116,0.0678,0.0427,0.0106,0.4525,0.0147,13.932309
0.4392,0.0685,0.0436,0.009,0.4231,0.0166,15.568291
0.4523,0.078,0.053,0.0078,0.3906,0.0184,18.39929
0.463,0.0748,0.0507,0.0074,0.386,0.0181,18.41089
0.4232,0.0835,0.0577,0.0079,0.4071,0.0206,18.48579
0.4508,0.0787,0.054,0.008,0.3891,0.0193,18.40619
0.4653,0.0275,0.0153,0.0055,0.4781,0.0083,11.9798
0.4117,0.0592,0.0357,0.0102,0.4663,0.0168,16.922491
0.3914,0.0745,0.0493,0.0083,0.4551,0.0214,16.69031
0.4297,0.0832,0.0607,0.0082,0.397,0.0212,18.42789
0.3763,0.0795,0.0581,0.0088,0.4554,0.0218,17.45229
0.4131,0.0395,0.0261,0.0052,0.5033,0.0128,19.0392
0.3961,0.0619,0.0392,0.006,0.4718,0.0251,10.44191
0.335,0.0896,0.0627,0.0087,0.4717,0.0324,22.426891
0.3909,0.0662,0.0486,0.0098,0.4662,0.0184,14.05589
0.3785,0.0674,0.0502,0.0068,0.4759,0.0212,20.05311
0.4045,0.0532,0.0395,0.0061,0.4803,0.0163,19.7224
0.3522,0.0556,0.0336,0.0111,0.5269,0.0206,15.7812
0.3804,0.0671,0.0484,0.0114,0.4737,0.019,16.237509
0.3667,0.0766,0.057,0.009,0.4665,0.0241,17.730991
0.3144,0.0481,0.0326,0.0102,0.5806,0.014,18.81739
0.3533,0.0909,0.0732,0.0068,0.4476,0.0282,20.127691
0.365,0.0852,0.0687,0.0081,0.4466,0.0263,18.637291
0.3562,0.077,0.0589,0.009,0.4729,0.0259,18.50429
0.3929,0.0493,0.0382,0.0065,0.4964,0.0166,19.8237
0.3176,0.0607,0.0439,0.0161,0.5458,0.016,23.44071
0.3528,0.0878,0.0719,0.0055,0.4494,0.0326,25.28129
0.3717,0.0665,0.0514,0.0071,0.4784,0.0249,20.619791
0.3473,0.0911,0.0716,0.0058,0.4471,0.0371,20.41471
0.3931,0.0796,0.0613,0.0051,0.4273,0.0336,21.65549
0.3645,0.0895,0.0729,0.0126,0.4322,0.0284,22.41901
0.322,0.0759,0.0599,0.01,0.5052,0.0269,22.27
0.3757,0.0686,0.0575,0.0089,0.4677,0.0216,14.0706
0.3454,0.0798,0.0652,0.0086,0.4724,0.0286,19.1422
0.3397,0.0777,0.0655,0.0074,0.4826,0.0271,19.48439
0.3168,0.0642,0.0499,0.0097,0.534,0.0254,18.32739
0.3413,0.0762,0.0674,0.0072,0.4804,0.0274,19.642391
0.3427,0.0851,0.0742,0.006,0.4574,0.0346,27.10581
0.3357,0.0793,0.0685,0.0101,0.477,0.0293,24.43499
0.3274,0.082,0.0749,0.0062,0.4784,0.0311,27.6356
0.3272,0.0776,0.0693,0.0075,0.4883,0.0301,19.9192
0.3135,0.0754,0.0637,0.011,0.5069,0.0294,24.74929
0.3251,0.0702,0.0576,0.014,0.5073,0.0258,24.22621
0.3134,0.0815,0.0733,0.0072,0.4908,0.0339,26.8087
0.3329,0.0805,0.0738,0.0111,0.4726,0.0291,25.663109
0.3131,0.0684,0.0579,0.0144,0.5216,0.0246,24.56511
0.3142,0.0702,0.0583,0.0124,0.5157,0.0291,24.22621
0.3368,0.0779,0.0718,0.0091,0.4736,0.0308,24.6187
0.3102,0.0802,0.0721,0.008,0.4944,0.035,26.897709
0.2957,0.0806,0.0734,0.0076,0.5073,0.0353,26.8799
0.2664,0.0732,0.0655,0.0155,0.5539,0.0254,23.65559
0.3451,0.0751,0.0692,0.0088,0.4698,0.0321,24.82759
0.3162,0.0822,0.0802,0.0082,0.4808,0.0323,27.802591
0.3381,0.0776,0.0738,0.0099,0.4704,0.0302,25.87011
0.3076,0.0823,0.0772,0.0078,0.4888,0.0364,27.8717
0.3144,0.0844,0.0815,0.0081,0.4764,0.0351,27.4542
0.3145,0.0813,0.0815,0.0078,0.4836,0.0312,21.260391
0.3173,0.0785,0.0759,0.0079,0.4876,0.0328,21.5201
0.3121,0.0806,0.0769,0.0082,0.4872,0.035,27.82461
0.3201,0.0763,0.0744,0.0077,0.4886,0.0329,20.8856
0.3309,0.0693,0.0657,0.0081,0.4953,0.0307,21.27429
0.314,0.077,0.078,0.008,0.4916,0.0314,21.27429
0.3088,0.075,0.0745,0.0079,0.5013,0.0325,21.10419
0.3225,0.0798,0.0785,0.0074,0.4752,0.0366,27.6348
0.3167,0.0783,0.0765,0.0089,0.4847,0.0349,21.260391
0.3296,0.0797,0.0796,0.0085,0.4682,0.0344,27.93541
0.2972,0.0815,0.0797,0.0101,0.4949,0.0367,27.8402
0.3389,0.0778,0.0765,0.0126,0.4624,0.0318,26.4747
0.3176,0.0737,0.0723,0.0078,0.494,0.0346,21.10419
0.2985,0.0751,0.0714,0.0113,0.5087,0.0351,20.30979
0.2911,0.0759,0.0732,0.0142,0.5139,0.0318,26.10841
0.3009,0.0741,0.0743,0.0124,0.5081,0.0302,27.693909
0.2959,0.0673,0.0659,0.0116,0.5305,0.0287,23.88171
0.2854,0.0516,0.0496,0.0133,0.5812,0.0189,19.4363
0.2958,0.0721,0.072,0.0135,0.5176,0.0289,27.693909
0.3429,0.0696,0.0654,0.0088,0.4751,0.0381,26.2461
0.3241,0.0813,0.0848,0.01,0.4627,0.0371,26.1533
0.2571,0.074,0.0754,0.0137,0.5483,0.0315,26.29159
0.1695,0.0709,0.0892,0.0113,0.6436,0.0157,24.58799
0.3037,0.0736,0.0781,0.0087,0.5005,0.0354,21.47101
0.2739,0.0812,0.0915,0.0084,0.5085,0.0365,27.5531
0.2987,0.0774,0.0816,0.0133,0.4918,0.0373,26.016409
0.2946,0.0728,0.0808,0.0081,0.5072,0.0364,22.5939
0.2884,0.0715,0.0768,0.0085,0.5167,0.038,22.45941
0.2628,0.0708,0.0743,0.0158,0.5438,0.0324,26.418709
0.2758,0.0678,0.0733,0.014,0.5384,0.0307,25.92979
0.2889,0.0728,0.0821,0.0091,0.5099,0.0373,22.91641
0.2723,0.0701,0.0783,0.0116,0.5336,0.034,23.88171
0.291,0.0743,0.0832,0.0112,0.5028,0.0375,23.93181
0.2723,0.0743,0.0804,0.0173,0.5192,0.0363,26.03319
0.3191,0.0734,0.0738,0.0164,0.4724,0.0447,26.366209
0.275,0.0652,0.0749,0.0116,0.5395,0.0339,25.759409
0.2721,0.0665,0.0771,0.0113,0.5377,0.0353,24.95691
0.2737,0.0661,0.0746,0.0109,0.5372,0.0375,26.500391
0.2596,0.073,0.0907,0.0098,0.5291,0.0378,27.50629
0.2828,0.0708,0.0856,0.0099,0.5122,0.0387,23.31591
0.242,0.0689,0.0672,0.0181,0.5573,0.0464,28.247591
0.2759,0.0677,0.0842,0.0104,0.5269,0.0349,25.78379
0.2343,0.0718,0.072,0.0195,0.5564,0.0459,28.28569
0.2617,0.0694,0.0823,0.0114,0.5358,0.0394,23.87431
0.2909,0.0713,0.0872,0.0114,0.5001,0.0391,25.73179
0.2899,0.0724,0.0829,0.0143,0.4977,0.0427,28.7872
0.2249,0.062,0.0614,0.0165,0.5924,0.0428,26.38891
0.2383,0.0581,0.0735,0.0118,0.5901,0.0283,26.16861
0.2877,0.0702,0.0831,0.014,0.503,0.0419,28.83701
0.2319,0.0693,0.0761,0.0138,0.5611,0.0477,26.4256
0.2993,0.0748,0.0931,0.0179,0.4775,0.0375,26.07619
0.3484,0.0695,0.0632,0.0035,0.4421,0.0733,26.4321
0.2477,0.071,0.0803,0.0187,0.5368,0.0455,28.627409
0.2633,0.0712,0.0948,0.0125,0.5182,0.0399,27.50629
0.2863,0.0715,0.0842,0.0127,0.4941,0.0513,26.5362
0.2791,0.0729,0.0924,0.0108,0.4953,0.0495,26.6599
0.2506,0.0651,0.086,0.0175,0.5453,0.0355,27.5149
0.2236,0.0732,0.0777,0.0195,0.5465,0.0595,28.2016
0.2824,0.0717,0.0879,0.0121,0.4919,0.0541,26.6599
0.2229,0.0675,0.0794,0.0166,0.5636,0.0501,26.38891
0.2311,0.0734,0.0933,0.017,0.5364,0.0488,29.48879
0.2023,0.0696,0.0813,0.0179,0.5764,0.0524,28.2016
0.2366,0.0663,0.0781,0.0148,0.5488,0.0553,28.374409
0.2607,0.0649,0.0798,0.0128,0.5285,0.0533,26.45491
0.2466,0.0682,0.0852,0.0155,0.5313,0.0531,26.4256
0.2145,0.0729,0.0941,0.0179,0.5477,0.053,29.5564
0.1884,0.0503,0.0652,0.0102,0.6468,0.0391,26.18979
0.2441,0.0681,0.0826,0.0128,0.5326,0.0598,29.64571
0.2394,0.0902,0.1557,0.017,0.4646,0.0331,27.5149
0.2441,0.0678,0.0861,0.0125,0.533,0.0564,29.7018
0.2074,0.0763,0.1012,0.0184,0.5411,0.0556,29.6467
0.2276,0.0662,0.0809,0.0116,0.5541,0.0596,29.56929
0.2802,0.0634,0.0791,0.0123,0.5097,0.0553,29.65519
0.2393,0.0656,0.0806,0.0119,0.5432,0.0593,29.60559
0.2348,0.0652,0.077,0.0117,0.5485,0.0627,29.629091
0.2557,0.0638,0.076,0.0115,0.5319,0.0611,29.56929
0.2508,0.0671,0.0871,0.0117,0.5258,0.0576,29.7049
0.2251,0.066,0.0816,0.0125,0.5547,0.06,29.6894
0.2443,0.0636,0.077,0.012,0.5429,0.0601,26.45491
0.2102,0.0669,0.0783,0.0125,0.5662,0.066,28.31921
0.2398,0.0678,0.084,0.0125,0.5334,0.0626,29.6894
0.2248,0.0656,0.0802,0.012,0.5547,0.0627,29.64571
0.2411,0.0633,0.0804,0.0121,0.5427,0.0604,29.6738
0.1955,0.0599,0.072,0.0139,0.5988,0.0599,26.73251
0.2341,0.0653,0.0844,0.013,0.5413,0.0619,29.6738
0.2314,0.0633,0.082,0.0125,0.5509,0.06,29.673891
0.226,0.0658,0.0848,0.013,0.5469,0.0635,29.66999
0.2172,0.0643,0.0942,0.0177,0.5573,0.0494,29.437
0.1624,0.0651,0.0937,0.0237,0.6034,0.0516,26.393509
0.1397,0.0478,0.0931,0.0256,0.6034,0.0904,29.6422
0.0894,0.0411,0.1019,0.0264,0.6366,0.1047,29.6422
0.285,0.074,0.08,0.015,0.515,0.031,19.22599
0.356,0.054,0.04,0.01,0.509,0.03,19.147
0.356,0.062,0.038,0.013,0.521,0.01,19.116291
0.354,0.062,0.039,0.011,0.525,0.009,19.60419
0.295,0.064,0.064,0.011,0.54,0.026,19.44539
0.306,0.07,0.061,0.011,0.533,0.02,19.44539
0.363,0.059,0.036,0.01,0.516,0.016,19.60419
0.298,0.067,0.065,0.011,0.527,0.031,19.5964
0.293,0.073,0.067,0.014,0.52,0.035,19.59269
0.328,0.063,0.054,0.012,0.519,0.024,19.59269
0.37,0.059,0.039,0.014,0.507,0.012,19.45189
0.34,0.066,0.044,0.012,0.521,0.017,19.45189
0.274,0.078,0.066,0.014,0.537,0.03,19.45189
0.275,0.071,0.076,0.011,0.523,0.044,19.62421
0.359,0.063,0.036,0.013,0.524,0.005,19.50071
0.347,0.066,0.039,0.013,0.525,0.01,19.50071
0.302,0.068,0.055,0.013,0.528,0.034,19.50071
0.253,0.095,0.087,0.012,0.503,0.051,19.59269
0.34,0.069,0.046,0.013,0.516,0.015,18.568209
0.371,0.069,0.037,0.012,0.503,0.008,18.5152
0.375,0.058,0.029,0.011,0.51,0.017,18.341091
0.387,0.052,0.023,0.01,0.51,0.018,18.341091
0.403,0.048,0.021,0.009,0.507,0.011,18.341091
0.382,0.051,0.024,0.008,0.526,0.009,18.5152
0.373,0.067,0.029,0.01,0.511,0.01,18.46839
0.351,0.072,0.048,0.013,0.496,0.02,18.5039
0.305,0.071,0.057,0.014,0.525,0.029,18.49791
0.326,0.073,0.048,0.013,0.527,0.012,18.49791
0.377,0.055,0.027,0.009,0.523,0.01,18.39079
0.376,0.046,0.019,0.007,0.549,0.003,18.37229
0.379,0.055,0.029,0.01,0.522,0.006,18.35181
0.382,0.044,0.021,0.008,0.54,0.005,18.35181
0.305,0.07,0.059,0.012,0.528,0.025,18.59469
0.356,0.062,0.035,0.011,0.524,0.013,19.01069
0.37,0.06,0.034,0.01,0.515,0.01,19.04481
0.357,0.061,0.035,0.013,0.511,0.023,19.04481
0.324,0.07,0.051,0.011,0.521,0.023,19.07991
0.345,0.062,0.037,0.012,0.531,0.011,19.068491
0.352,0.063,0.039,0.011,0.521,0.013,19.14189
0.3,0.07,0.059,0.012,0.534,0.024,19.46991
0.341,0.063,0.038,0.012,0.535,0.011,19.272709
0.338,0.062,0.037,0.011,0.539,0.014,19.712809
0.323,0.064,0.041,0.013,0.54,0.018,19.76789
0.328,0.065,0.05,0.012,0.53,0.016,19.6975
0.308,0.07,0.049,0.012,0.533,0.027,19.6975
0.1705,0.0584,0.0995,0.02,0.5709,0.0807,25.716309
0.1146,0.0457,0.0807,0.019,0.6577,0.0823,29.48819
0.1231,0.0545,0.1113,0.0241,0.5947,0.0924,25.85521
0.1112,0.0477,0.0924,0.0213,0.6395,0.0878,25.82011
0.0989,0.047,0.0962,0.0222,0.654,0.0816,25.807991
0.1013,0.0459,0.0906,0.0226,0.6541,0.0855,25.37051
0.1137,0.0497,0.1137,0.022,0.6022,0.0988,26.17009
0.0904,0.043,0.0983,0.0195,0.6583,0.0905,29.6137
0.0808,0.0422,0.1028,0.0186,0.6564,0.0992,29.52871
0.1061,0.0458,0.1216,0.021,0.6056,0.0999,26.70709
0.0721,0.0368,0.1015,0.0208,0.6691,0.0996,29.17209
0.0781,0.0372,0.1074,0.0211,0.6565,0.0998,29.32619
0.0747,0.0367,0.1016,0.0194,0.6622,0.1054,29.45341
0.0828,0.0393,0.1143,0.0215,0.6269,0.1152,27.21201
0.0874,0.0402,0.1155,0.0205,0.6156,0.1207,27.32859
0.0749,0.0385,0.1079,0.0231,0.639,0.1167,29.25699
0.0841,0.0401,0.1228,0.0238,0.617,0.1122,29.11071
0.0771,0.0373,0.1111,0.0236,0.6423,0.1086,27.686409
0.0795,0.0377,0.1249,0.0236,0.6174,0.1169,28.5784
0.0768,0.0327,0.1125,0.0226,0.6377,0.1177,28.114109
0.2286,0.0575,0.0696,0.01,0.592,0.0424,27.397009
0.217,0.0631,0.0781,0.0121,0.5811,0.0487,26.9108
0.2218,0.0617,0.0802,0.0115,0.5795,0.0453,28.0677
0.2086,0.0621,0.0772,0.0124,0.5913,0.0484,26.8848
0.2101,0.0603,0.0768,0.0116,0.5949,0.0464,27.77039
0.1999,0.0616,0.0812,0.0109,0.5964,0.0501,27.35849
0.1637,0.0535,0.0787,0.0142,0.6414,0.0485,28.52721
0.2178,0.0587,0.0804,0.0098,0.5938,0.0395,28.55919
0.17,0.0597,0.0518,0.0159,0.6826,0.0201,26.15161
0.1943,0.0548,0.0397,0.0136,0.6863,0.0114,25.50509
0.2156,0.0465,0.0297,0.0111,0.69,0.007,24.557709
0.412,0.0783,0.0462,0.0044,0.4412,0.018,12.419009
0.3988,0.0759,0.0503,0.0078,0.4456,0.0217,18.55251
0.3508,0.0783,0.0623,0.0086,0.4705,0.0295,17.9873
0.3792,0.0549,0.0283,0.0069,0.5121,0.0186,17.53129
0.3716,0.0713,0.0544,0.0088,0.4631,0.0307,14.1375
0.4141,0.0584,0.0268,0.0096,0.4683,0.0228,17.03659
0.399,0.0399,0.0267,0.005,0.516,0.0133,17.82239
0.189445772,0.071111384,0.085709334,0.021716364,0.569130636,0.06288651,28.45991
0.5656,0.0531,0.0234,0.0011,0.3304,0.0264,-1.57041
0.5409,0.0465,0.0142,0.0022,0.3658,0.0303,-1.64871
0.5446,0.062,0.0172,0.0018,0.345,0.0294,-1.56751
0.5288,0.0255,0.0105,0.0037,0.4163,0.0154,-1.73501
0.5246,0.0443,0.0155,0.0054,0.3868,0.0234,-1.73371
0.5504,0.0386,0.0135,0.0038,0.3704,0.0233,7.4345
0.5603,0.0169,0.0058,0.0027,0.3815,0.0328,0.73321
0.6201,0.0226,0.0063,0.0022,0.331,0.0178,-0.73951
0.5744,0.0381,0.0147,0.0033,0.3457,0.0239,-0.33551002
0.6003,0.0331,0.0113,0.0037,0.331,0.0207,-0.69711
0.5818,0.0341,0.0107,0.0034,0.3468,0.0232,2.5245
0.5675,0.0315,0.0098,0.0034,0.3642,0.0236,2.81199
0.5649,0.0353,0.0111,0.003,0.3504,0.0353,0.3711
0.5805,0.0273,0.0091,0.0029,0.3557,0.0245,1.5111
0.581,0.0323,0.01,0.0026,0.3443,0.0299,2.17029
0.5652,0.0214,0.0061,0.0034,0.375,0.0289,-0.62861
0.612,0.0301,0.0102,0.004,0.3116,0.0322,-0.87641
0.5846,0.0301,0.0087,0.0036,0.3401,0.0329,1.33999
0.5585,0.0169,0.006,0.0042,0.3825,0.032,0.46221
0.5425,0.0598,0.0221,0.0054,0.348,0.0221,2.4742
0.5256,0.0292,0.0132,0.0045,0.4223,0.0052,-1.02061
0.4891,0.0306,0.0118,0.0043,0.4591,0.0051,-1.38861
0.5121,0.0331,0.0121,0.0043,0.4329,0.0056,-1.15651
0.4911,0.0238,0.0136,0.0046,0.4626,0.0044,-0.83891004
0.4942,0.0415,0.0128,0.0063,0.4388,0.0063,-1.32781
0.4903,0.0409,0.0164,0.0056,0.4401,0.0067,-1.40311
0.5031,0.0272,0.016,0.0044,0.4444,0.0048,-1.2934
0.4938,0.0266,0.0137,0.004,0.4569,0.005,-1.29491
0.5034,0.02,0.0119,0.004,0.4566,0.004,-1.2403101
0.4853,0.0203,0.0072,0.0043,0.4789,0.004,-0.12381
0.4491,0.018,0.0052,0.0044,0.5183,0.0049,-0.55861
0.5038,0.021,0.005,0.0045,0.4619,0.0038,-0.54891
0.4537,0.0191,0.0055,0.0045,0.5133,0.0038,-0.52891004
0.4878,0.0214,0.0152,0.0047,0.4671,0.0036,-0.73191
0.5001,0.0218,0.0057,0.0042,0.4641,0.0041,-0.062209997
0.4952,0.0242,0.0255,0.0067,0.4423,0.0061,-0.23460999
0.5333,0.0235,0.0113,0.0054,0.4217,0.0049,-0.56281
0.4756,0.022,0.0179,0.0058,0.4735,0.0052,-0.52621
0.4486,0.0225,0.0088,0.0053,0.5105,0.0044,-0.31371
0.4927,0.0209,0.0064,0.0047,0.4715,0.0038,-0.58321
0.5028,0.0233,0.0324,0.0067,0.4295,0.0053,-0.55941004
0.485,0.0217,0.0062,0.0045,0.4782,0.0043,-0.009509999
0.4585,0.0279,0.0099,0.0061,0.4928,0.0049,-0.0092
0.4342,0.0204,0.0108,0.0066,0.5223,0.0058,0.49831
0.411,0.0211,0.0129,0.0074,0.5408,0.0067,0.69571
0.4731,0.0348,0.0166,0.012,0.4559,0.0076,-0.41971
0.5291,0.0357,0.0167,0.0102,0.4019,0.0063,0.3142
0.4658,0.0428,0.0191,0.0154,0.449,0.0079,1.16281
0.4966,0.0462,0.0365,0.019,0.391,0.0107,-0.51861
0.4956,0.0206,0.009,0.0056,0.4655,0.0037,-0.74981004
0.46,0.0202,0.0055,0.0055,0.5034,0.0055,0.68381
0.4866,0.0212,0.0084,0.0047,0.475,0.0039,-0.25611
0.4697,0.0199,0.0079,0.0049,0.494,0.0036,0.6836
0.4733,0.023,0.0092,0.0054,0.4846,0.0045,-0.05311
0.4788,0.0227,0.0076,0.0065,0.4791,0.0053,0.5763
0.489,0.0213,0.0101,0.0061,0.4694,0.0042,-0.52881
0.4749,0.0222,0.0072,0.0049,0.4865,0.0042,0.8896
0.4835,0.0209,0.0066,0.0065,0.4772,0.0053,0.6775
0.4646,0.0232,0.0079,0.0067,0.4926,0.0049,0.69371
0.4912,0.0224,0.0065,0.0061,0.4691,0.0046,0.8924
0.4759,0.023,0.0075,0.0063,0.4828,0.0046,1.34599
0.4828,0.0245,0.0088,0.0071,0.4716,0.0053,1.02949
0.4773,0.0249,0.0099,0.0061,0.4778,0.004,1.6939
0.4699,0.0278,0.0107,0.0075,0.4794,0.0048,1.04739
0.474,0.0293,0.012,0.0067,0.4721,0.0059,1.81461
0.4871,0.034,0.0137,0.0082,0.4524,0.0046,1.25509
0.4965,0.0358,0.0139,0.0097,0.4392,0.0049,1.12529
0.4764,0.0375,0.015,0.0082,0.457,0.0059,2.03711
0.4859,0.0464,0.0213,0.0103,0.4297,0.0064,1.13281
0.4941,0.0457,0.0186,0.011,0.4258,0.0048,1.1569101
0.4968,0.0465,0.015,0.0106,0.4235,0.0075,1.96199
0.5341,0.0683,0.0264,0.015,0.346,0.0102,2.2911
0.4824,0.073,0.0388,0.004,0.3894,0.0124,6.7149
0.4922,0.0798,0.0409,0.0035,0.3726,0.0109,5.65731
0.4564,0.0873,0.0533,0.0037,0.3981,0.0013,5.5133
0.4448,0.0736,0.0462,0.0038,0.4182,0.0134,5.77829
0.4852,0.0735,0.0378,0.004,0.3981,0.0013,6.06019
0.463,0.0649,0.0407,0.0067,0.4089,0.0158,6.30999
0.4857,0.0611,0.0373,0.0035,0.4023,0.01,9.767191
0.4465,0.0595,0.0288,0.003,0.4483,0.0139,8.94191
0.444,0.0657,0.0392,0.0045,0.4295,0.0171,13.5574
0.4192,0.0646,0.0429,0.0064,0.4454,0.0214,16.9157
0.4877,0.0559,0.0327,0.0037,0.4088,0.0112,5.35039
0.4475,0.07,0.043,0.0033,0.4241,0.0121,5.52059
0.4682,0.0602,0.0337,0.0036,0.4242,0.0102,4.90819
0.447,0.0356,0.0165,0.003,0.4891,0.0088,4.47171
0.4577,0.0751,0.0421,0.0032,0.4101,0.0118,4.67509
0.4388,0.0687,0.028,0.0074,0.4461,0.0111,6.00069
0.4963,0.0556,0.0275,0.0036,0.4093,0.0078,5.85051
0.4279,0.0794,0.0516,0.004,0.4229,0.0142,7.5156
0.4391,0.0803,0.0512,0.0038,0.4121,0.0136,7.56769
0.4931,0.0159,0.0041,0.0024,0.4829,0.0016,-1.1061
0.5226,0.0407,0.0128,0.0027,0.4175,0.0037,-0.87641
0.5127,0.0618,0.0215,0.0033,0.3955,0.0053,-0.71931
0.5191,0.0537,0.0177,0.003,0.4002,0.0064,0.026789999
0.6066,0.0459,0.0149,0.0025,0.3221,0.0079,-0.85891
0.5795,0.0552,0.0178,0.0029,0.3372,0.0075,-1.1562101
0.5794,0.0538,0.0193,0.0023,0.3387,0.0064,-0.67091
0.577,0.057,0.0188,0.0036,0.3356,0.008,-0.11271
0.5816,0.0496,0.0156,0.0029,0.3428,0.0074,-0.084809996
0.5462,0.0565,0.0321,0.0024,0.3518,0.0109,-0.94261
0.5339,0.0659,0.0216,0.0011,0.3713,0.0061,0.15381
0.5464,0.0592,0.0268,0.0034,0.357,0.0072,0.53301
0.5497,0.0502,0.019,0.0028,0.3677,0.0106,-1.33411
0.5682,0.0462,0.0178,0.0019,0.3573,0.0086,-1.08261
0.5371,0.0638,0.0264,0.0029,0.3599,0.0099,0.13669
0.5809,0.0484,0.0175,0.0026,0.3421,0.0085,-1.36191
0.5626,0.0578,0.0204,0.0025,0.3483,0.0085,-1.04791
0.5707,0.0684,0.0246,0.003,0.323,0.0103,-0.5339
0.5807,0.0632,0.0193,0.0023,0.3232,0.0114,-0.44121
0.5915,0.0545,0.0194,0.0023,0.3258,0.0064,-1.11371
0.5576,0.0562,0.018,0.0027,0.3541,0.0114,-1.2798101
0.5851,0.0656,0.0175,0.0023,0.322,0.0075,-0.39011002
0.4523,0.0672,0.0281,0.0026,0.4421,0.0078,1.6232101
0.5263,0.0342,0.0109,0.0037,0.4215,0.0034,2.88999
0.541,0.0527,0.0221,0.0033,0.371,0.0099,1.2754
0.5265,0.0611,0.0232,0.0046,0.372,0.0126,4.58701
0.4988,0.0659,0.0259,0.0047,0.3917,0.0131,5.73121
0.5006,0.0674,0.0389,0.0016,0.3815,0.0101,7.5852
0.5546,0.0547,0.0277,0.0022,0.3541,0.0067,6.87389
0.5447,0.0662,0.0277,0.0017,0.3526,0.007,5.96761
0.4546,0.0795,0.0335,0.0038,0.418,0.0106,2.03429
0.516,0.0699,0.0316,0.0039,0.3681,0.0105,5.45421
0.5052,0.0582,0.029,0.0071,0.3917,0.0088,11.08571
0.5105,0.0639,0.0346,0.0045,0.3719,0.0147,9.15591
0.5046,0.0692,0.0316,0.0044,0.3769,0.0133,10.9781
0.563,0.0672,0.026,0.0035,0.3307,0.0097,0.87521
0.5065,0.0798,0.0342,0.0028,0.3633,0.0133,2.011
0.4954,0.0719,0.0347,0.0029,0.3845,0.0105,4.56831
0.5482,0.0736,0.0295,0.0028,0.3362,0.0096,1.53531
0.548,0.0604,0.0248,0.0028,0.3503,0.0137,1.22459
0.5296,0.0703,0.0301,0.0027,0.3522,0.0152,2.95071
0.5516,0.0614,0.0226,0.0028,0.3524,0.0092,0.13669
0.5449,0.0641,0.0272,0.0027,0.3531,0.008,2.0186
0.5133,0.0502,0.0231,0.0066,0.3953,0.0115,11.50909
0.5074,0.0677,0.0349,0.0037,0.3712,0.0153,8.33221
0.5165,0.0692,0.0309,0.0038,0.3682,0.0115,2.48769
0.5387,0.0712,0.03,0.0033,0.3479,0.0088,1.75181
0.486,0.0703,0.0353,0.0032,0.3995,0.0056,6.62989
0.4717,0.0627,0.0338,0.0033,0.4134,0.0151,7.1199
0.5406,0.0653,0.0271,0.0026,0.3547,0.0096,0.56229
0.4991,0.0653,0.0364,0.0035,0.383,0.0127,10.92549
0.5314,0.0673,0.0341,0.0027,0.3528,0.0116,3.1257899
0.4497,0.068,0.044,0.0037,0.4187,0.0159,9.880891
0.184665569,0.064363402,0.092367705,0.019260292,0.594899004,0.044319062,29.669691
0.213055849,0.065630404,0.098837479,0.017179833,0.560009025,0.044716653,29.54741
0.162627316,0.062848019,0.093043594,0.020069991,0.614801428,0.046487886,29.450409
0.1649053,0.066577803,0.094368211,0.023427832,0.602347033,0.048227426,29.450409
0.193732821,0.063561818,0.098350162,0.018160414,0.57858073,0.047333055,29.437
0.174566855,0.068172122,0.092166967,0.020496413,0.597950513,0.046574514,29.58319
0.176427436,0.067040772,0.097085508,0.017910419,0.584089246,0.057278193,29.60269
0.179800374,0.067959485,0.100681115,0.01987923,0.581579656,0.050006358,29.6279
0.184755873,0.071314011,0.10097585,0.018112122,0.573635522,0.051094032,29.6467
0.169300067,0.067305579,0.092904404,0.020354192,0.600975069,0.049074222,29.6467
0.144004469,0.063220547,0.087833383,0.024466844,0.630401641,0.050023012,29.78861
0.17847759,0.067309982,0.096719089,0.018664722,0.586592486,0.052122983,29.800209
0.181834739,0.067114138,0.097753556,0.018740796,0.586028669,0.04839815,29.5564
0.186226345,0.068074821,0.097061733,0.018170382,0.581658002,0.048618728,29.5564
0.185696109,0.069992288,0.097813168,0.016785551,0.578296622,0.051230151,29.65291
0.20485868,0.069417047,0.095214707,0.016935855,0.568499611,0.044934829,29.48879
0.205143498,0.065494517,0.089090104,0.018225842,0.577670431,0.043652582,28.853891
0.184965002,0.063135159,0.081910091,0.020539026,0.611346017,0.03771264,28.853891
0.23684472,0.067425391,0.081550882,0.016700917,0.552264515,0.043353326,28.83701
0.252235413,0.069126799,0.087598268,0.015299983,0.536284381,0.038943498,28.79169
0.265989977,0.067817251,0.083797741,0.014733097,0.525212172,0.041300325,28.7872
0.259200448,0.069878627,0.083351527,0.014333685,0.532594227,0.040212626,28.741991
0.225301749,0.057455106,0.082881051,0.019112206,0.57315269,0.041753,28.589
0.2323444,0.067105295,0.079398,0.017124734,0.559267348,0.043957204,28.15931
0.254740282,0.070641624,0.082556673,0.014778984,0.535889413,0.04106189,28.22581
0.237833488,0.072684722,0.083457837,0.017196139,0.547040957,0.041629132,27.76479
0.242661776,0.070699231,0.082226197,0.01680329,0.547235121,0.040181574,27.95051
0.213279359,0.074613433,0.081949001,0.021156547,0.567333089,0.041583203,27.94939
0.223512438,0.075237408,0.081309626,0.020019506,0.56056262,0.039224987,28.04009
0.248716376,0.076239678,0.082193064,0.017282171,0.53325994,0.042035935,28.268309
0.253351465,0.083034477,0.085590789,0.018354123,0.518195621,0.041293703,28.447609
0.260439563,0.082082684,0.083244974,0.018307498,0.515444115,0.04035467,28.41739
0.244680194,0.077505512,0.079696601,0.018049688,0.539658723,0.040231114,28.51491
0.230840141,0.076416931,0.078540408,0.020939179,0.552719831,0.040446067,28.98039
0.232321909,0.076947915,0.083696498,0.017799706,0.546757231,0.042246397,28.47681
0.240798635,0.084971192,0.085494227,0.019378144,0.526944707,0.04232917,28.468191
0.651277531,0.065892014,0.025378637,0.004052413,0.246337242,0.007062162,4.48871
0.654777047,0.057847686,0.021928017,0.002991813,0.255432738,0.007022698,3.905
0.589412472,0.073591337,0.035933427,0.00328855,0.290074193,0.00770002,3.73529
0.589884448,0.086438282,0.040523409,0.005172891,0.269456628,0.008524342,4.51429
0.667650234,0.066846838,0.025121214,0.003560962,0.230570626,0.006250126,3.99489
0.167088954,0.045607067,0.013558858,0.011504485,0.753201397,0.009039239,2.83599
0.662439189,0.018835037,0.006464788,0.004422592,0.303832046,0.004006348,2.36559
0.651503424,0.021137243,0.006877047,0.004882405,0.312354868,0.003245013,3.4401
0.660716324,0.058476027,0.027425799,0.003538813,0.243107877,0.00673516,4.30339
0.664790635,0.021724448,0.006753715,0.003977187,0.298401621,0.004352394,2.96631
0.635181452,0.019254032,0.006350806,0.004939516,0.330040323,0.004233871,3.1443899
0.660227886,0.015844121,0.004247573,0.002966559,0.3125,0.004213862,3.2363899
0.644227485,0.020932522,0.006448502,0.003857048,0.320215352,0.00431909,3.45921
0.646586693,0.074163879,0.028677429,0.003140297,0.240321596,0.007110106,3.4078
0.604625367,0.083145112,0.043995011,0.00350006,0.255291758,0.009442692,3.631
0.658345439,0.020337946,0.007263552,0.00493157,0.304725132,0.004396361,4.35459
0.655080699,0.070147881,0.028437146,0.004343173,0.233473725,0.008517376,4.0976
0.644613263,0.069815542,0.029893072,0.003629316,0.243424305,0.008624502,3.72569
0.647605676,0.090954186,0.037717464,0.003428055,0.210896255,0.009398363,3.61801
0.64040929,0.081763305,0.040448541,0.003079151,0.226605219,0.007694494,3.55501
0.626465842,0.058956428,0.030150619,0.003792361,0.271005917,0.009628833,3.85031
0.237787758,0.062471599,0.082380958,0.014825855,0.553268668,0.049265163,29.08739
0.151475239,0.04912603,0.089051617,0.015484686,0.643897451,0.050964977,28.64671
0.301140363,0.066653385,0.065984914,0.009597696,0.523010175,0.033613467,23.12199
0.263334478,0.055257196,0.055685291,0.01058533,0.578768776,0.036368929,23.161709
0.480915335,0.050690566,0.023255336,0.003698505,0.432251177,0.009189081,12.89379
0.483045403,0.033059008,0.017175186,0.00626584,0.451500574,0.008953988,17.537191
0.290836391,0.06075965,0.065519891,0.012905907,0.533114104,0.036864058,23.742191
0.273406549,0.066217067,0.076265586,0.012802758,0.538284087,0.033023953,28.99991
0.468887198,0.068033305,0.030179658,0.003102349,0.41918974,0.010607751,5.8198
0.430526305,0.072355557,0.034257482,0.003855244,0.446036745,0.012968666,5.8448
0.450959824,0.056658514,0.04382199,0.003119905,0.432665863,0.012773905,7.61869
0.24800107,0.070958684,0.090552473,0.014235554,0.520635093,0.055617126,26.8848
0.234625261,0.063365797,0.081565999,0.012038986,0.55325722,0.055146736,27.06361
0.351376067,0.05015718,0.052973323,0.010220272,0.499581337,0.035691821,22.71559
0.244803525,0.055554764,0.058097069,0.012182759,0.593975789,0.035386094,23.744991
0.377937324,0.081132675,0.060301947,0.008653763,0.450717423,0.021256869,23.5974
0.287830901,0.070258616,0.073828048,0.013050109,0.513395769,0.041636557,23.5794
0.464734701,0.062836674,0.027339599,0.004035828,0.428375236,0.012677961,12.2263
0.294890331,0.055703131,0.067566934,0.014100008,0.528848946,0.03889065,26.245209
0.356356193,0.048730552,0.036368606,0.004177613,0.517435447,0.036931589,17.53191
0.333858801,0.056658962,0.051069257,0.007976282,0.5180083,0.032428399,19.2392
0.299008811,0.057521564,0.054048381,0.009664143,0.538097826,0.041659275,21.86331
0.302045646,0.058368553,0.052341956,0.00871145,0.540771998,0.037760396,21.7575
0.290955727,0.081004723,0.101801651,0.011528692,0.464024548,0.050684659,18.37599
0.275731205,0.070774021,0.087424858,0.010793407,0.512068896,0.043207614,18.37599
0.299371293,0.082142676,0.095930663,0.012492905,0.461772204,0.048290259,18.347591
0.338238516,0.082966309,0.096203426,0.012212013,0.429811249,0.040568487,18.42959
0.425346073,0.050801831,0.02729639,0.013025204,0.47364534,0.009885162,18.94899
0.380336203,0.074966615,0.03534026,0.012597063,0.48622202,0.010537839,18.94899
0.373729472,0.085526477,0.047399011,0.015116503,0.468332138,0.009896398,18.7733
0.358622891,0.07646618,0.052249011,0.015815594,0.477829125,0.019017199,18.718191
0.336123683,0.088571503,0.079133242,0.014642069,0.445366307,0.036163195,18.569391
0.335173411,0.089187216,0.089732505,0.013486176,0.433857454,0.038563237,18.318909
0.328761076,0.079915439,0.078273981,0.012385679,0.462468253,0.038195573,18.29649
0.381478676,0.065895232,0.034467166,0.013106759,0.49647562,0.008576546,18.718191
0.382608854,0.059144517,0.028732389,0.011346136,0.50912056,0.009047545,18.28129
0.304395099,0.071750982,0.080251047,0.010111566,0.496800735,0.03669057,18.255291
0.39766371,0.090469679,0.060513447,0.015743155,0.418302767,0.017307242,17.91091
0.272547229,0.078831523,0.106640689,0.012188479,0.477251222,0.052540858,18.29291
0.285,0.059,0.039,0.015,0.596,0.006,17.24519
0.257,0.053,0.037,0.013,0.635,0.005,17.6958
0.3073,0.0561,0.041,0.014,0.5756,0.006,17.74861
0.3046,0.0581,0.0431,0.014,0.5731,0.007,17.805809
0.449,0.029,0.015,0.005,0.5,0.002,18.0492
0.2667,0.0599,0.041,0.015,0.6094,0.008,18.08709
0.273,0.064,0.045,0.018,0.591,0.009,18.08709
0.2767,0.0629,0.043,0.016,0.5944,0.007,18.1194
0.283,0.05,0.034,0.012,0.613,0.008,18.08709
0.263,0.057,0.04,0.014,0.619,0.007,18.53249
0.2807,0.0599,0.049,0.017,0.5854,0.008,18.205809
0.273,0.059,0.044,0.015,0.602,0.007,18.309591
0.2687,0.0519,0.038,0.013,0.6214,0.007,18.92539
0.2677,0.0539,0.036,0.013,0.6224,0.007,19.02911
0.264,0.038,0.046,0.015,0.63,0.007,19.994991
0.2557,0.0529,0.037,0.014,0.6314,0.009,19.619509
0.27,0.06,0.041,0.015,0.606,0.008,19.619509
0.4456,0.0639,0.0639,0.022,0.3896,0.015,19.44359
0.278,0.056,0.043,0.015,0.601,0.007,18.309591
0.2322,0.0521,0.042,0.015,0.6517,0.007,20.39569
0.243,0.055,0.04,0.014,0.64,0.008,20.2197
0.3606,0.0599,0.038,0.014,0.5175,0.01,18.18421
0.3263,0.0581,0.039,0.013,0.5546,0.009,18.64741
0.295,0.052,0.035,0.011,0.6,0.007,18.44751
0.272,0.056,0.04,0.014,0.607,0.011,18.809391
0.2448,0.0569,0.041,0.015,0.6354,0.007,19.02911
0.2378,0.0559,0.043,0.016,0.6394,0.008,21.0426
0.269,0.063,0.047,0.017,0.594,0.01,20.19969
0.2478,0.0629,0.047,0.018,0.6114,0.013,21.280409
0.241,0.063,0.048,0.018,0.615,0.015,21.224209
0.2527,0.0649,0.049,0.018,0.6014,0.014,21.35471
0.241,0.062,0.046,0.017,0.62,0.014,22.0797
0.39,0.054,0.03,0.01,0.509,0.007,16.98949
0.387,0.056,0.029,0.011,0.512,0.005,15.855709
0.424,0.042,0.019,0.006,0.505,0.004,15.95931
0.428,0.035,0.016,0.005,0.512,0.004,16.68261
0.432,0.041,0.02,0.005,0.498,0.004,15.5203
0.3197,0.047,0.027,0.009,0.5914,0.006,17.490591
0.4625,0.03,0.012,0.004,0.4885,0.003,15.713909
0.471,0.031,0.013,0.004,0.478,0.003,14.1636095
0.4635,0.025,0.009,0.004,0.4965,0.002,14.92081
0.521,0.03,0.015,0.005,0.426,0.003,15.07919
0.436,0.027,0.01,0.004,0.519,0.004,15.238509
0.39,0.04,0.023,0.007,0.535,0.005,15.9297905
0.391,0.034,0.016,0.005,0.551,0.003,15.6982
0.4264,0.033,0.014,0.004,0.5185,0.004,16.35321
0.4625,0.034,0.015,0.005,0.4795,0.004,16.9475
0.39,0.031,0.013,0.004,0.56,0.002,16.34801
0.3666,0.042,0.023,0.006,0.5594,0.003,16.05111
0.385,0.069,0.044,0.015,0.477,0.01,18.48019
0.4016,0.0619,0.034,0.012,0.4815,0.009,17.907291
0.421,0.055,0.028,0.006,0.481,0.009,17.28611
0.4494,0.043,0.02,0.007,0.4745,0.006,17.2138
0.3734,0.038,0.019,0.006,0.5596,0.004,16.855991
0.3257,0.046,0.029,0.009,0.5864,0.004,16.54449
0.247,0.053,0.044,0.011,0.641,0.004,16.15739
0.442768607,0.031241626,0.009213732,0.005698991,0.498728711,0.012348333,12.305309
0.455633793,0.038807336,0.011798014,0.005993821,0.473254565,0.014512472,13.661409
0.408819358,0.034634571,0.014905186,0.007792094,0.520673964,0.013174827,15.10971
0.442459922,0.032159241,0.010569635,0.005042509,0.494408986,0.015359707,16.3416
0.415371392,0.033584041,0.013847601,0.004770593,0.518725354,0.013701018,16.51881
0.420879663,0.039338742,0.013074974,0.00798968,0.50486354,0.013853402,16.73479
0.396256199,0.047522596,0.017237936,0.010015643,0.512564128,0.016403498,17.04551
0.349980402,0.056010821,0.0265758,0.014475088,0.533756703,0.019201185,17.385891
0.277909787,0.065121849,0.057078652,0.02210252,0.552547624,0.025239568,20.65139
0.220293508,0.080012501,0.052855035,0.02842509,0.58562537,0.032788497,21.90039
0.204964975,0.060491701,0.05063493,0.020295753,0.636861903,0.026750739,22.13069
0.237671314,0.070363077,0.045990543,0.020770082,0.60284113,0.022363854,21.90351
0.214816289,0.062172905,0.039931798,0.020466122,0.645277194,0.017335693,22.6253
0.224671921,0.079921434,0.084962942,0.015855373,0.533384763,0.061203567,26.891691
0.233960492,0.097350162,0.093774641,0.017466423,0.476216195,0.081232087,27.21729
0.208905471,0.080494235,0.095407434,0.014306641,0.53777511,0.063111109,26.95339
0.18146204,0.083776026,0.067015289,0.027594763,0.604652863,0.035499019,26.95099
0.247650551,0.0610751,0.036926783,0.020934333,0.617366786,0.016046447,24.8762
0.183870381,0.065320118,0.058342416,0.025619646,0.641725948,0.025121491,26.00341
0.22921364,0.083714747,0.052189576,0.021606815,0.592303115,0.020972108,24.65651
0.289906436,0.070628359,0.054880528,0.022761661,0.536434198,0.025388817,25.10041
0.26630366,0.093537012,0.057085013,0.024898412,0.529334221,0.028841684,25.10041
0.233718411,0.085957609,0.05618706,0.025172256,0.567904062,0.031060602,25.3825
0.214809547,0.069540445,0.056584972,0.022632021,0.609347111,0.027085904,25.63139
0.213877281,0.084574082,0.070876567,0.027919255,0.571794374,0.030958441,25.63139
0.227436017,0.079647954,0.07065363,0.025480098,0.562379911,0.034402389,25.84591
0.2947,0.0801,0.0883,0.0154,0.4795,0.0421,27.78339
0.2882,0.0808,0.0861,0.0141,0.4886,0.0422,27.76719
0.2606,0.0745,0.0824,0.0133,0.5319,0.0372,27.75691
0.2995,0.0887,0.0973,0.0171,0.4548,0.0427,27.75691
0.2993,0.0743,0.075,0.0102,0.5085,0.0327,27.78199
0.2737,0.0721,0.0792,0.0113,0.5283,0.0354,27.76189
0.272,0.0772,0.0868,0.0127,0.5111,0.0402,27.754791
0.2705,0.0691,0.0763,0.0115,0.5381,0.0345,27.80409
0.2693,0.0666,0.0712,0.0155,0.5433,0.0341,27.7369
0.1235,0.0671,0.0859,0.0494,0.6459,0.0282,27.741009
0.0894,0.0531,0.0761,0.0534,0.7057,0.0224,27.788391
0.277,0.0741,0.0748,0.0104,0.5281,0.0356,27.82279
0.3023,0.0766,0.0766,0.0104,0.5031,0.0311,27.665691
0.2872,0.0749,0.0769,0.0103,0.519,0.0318,27.7171
0.1854,0.0667,0.0771,0.0376,0.6004,0.0328,26.78921
0.234254294,0.070008083,0.084924965,0.012462134,0.551735351,0.046615173,25.760809
0.224286917,0.074736497,0.095253157,0.012624246,0.541427299,0.051671885,25.760809
0.239981542,0.072892253,0.088844956,0.012855689,0.535749666,0.049675894,25.760809
0.367944184,0.010028059,0.003971731,0.003617565,0.611826265,0.002612198,-0.68831
0.442561568,0.011675203,0.004387717,0.003403228,0.53516987,0.002802413,-0.55521
0.503511696,0.01345924,0.005064962,0.003391609,0.472119747,0.002452746,-0.65411
0.528166374,0.028663301,0.009394132,0.00309419,0.427121604,0.003560399,-0.97741
0.513847604,0.023447869,0.008639281,0.003215792,0.447684364,0.00316509,-0.8961
0.52249287,0.045377902,0.0142809,0.002438927,0.40980955,0.005599852,-1.03351
0.513501871,0.041337374,0.014159125,0.003252895,0.421484791,0.006263945,-1.1670101
0.508537908,0.031043479,0.011692458,0.003129228,0.4410772,0.004519727,-1.22601
0.522223847,0.03425264,0.011904551,0.003217198,0.424334492,0.004067272,-1.09641
0.514044951,0.031798779,0.010845243,0.002991566,0.436000894,0.004318567,-1.05441
0.404808199,0.008970658,0.003063079,0.003442016,0.577653712,0.002062336,-0.60081
0.330017272,0.008562756,0.003414953,0.003378756,0.652008534,0.002617729,-0.60081
0.522746225,0.016758283,0.005470394,0.00466667,0.44746421,0.002894218,-0.94551
0.5623044,0.017760881,0.005924926,0.003745033,0.407813231,0.002451529,-1.10171
0.528453322,0.020482175,0.006278497,0.003419757,0.438555204,0.002811045,-1.10171
0.540999448,0.035457886,0.010816547,0.003459537,0.402711883,0.006554699,-1.46141
0.516618219,0.043303848,0.013221545,0.003485382,0.417866347,0.005504659,-1.28451
0.529661882,0.036517111,0.010391318,0.004491319,0.414031474,0.004906896,-1.3484
0.548981747,0.029634979,0.009796056,0.003839222,0.404180986,0.00356701,-1.42891
0.564315062,0.015710159,0.004942942,0.002424581,0.410459554,0.002147701,-1.4177101
0.531848313,0.031714474,0.009843024,0.003826989,0.419303106,0.003464094,-1.2956101
0.535167998,0.034626568,0.012040311,0.004542776,0.408451845,0.005170502,-1.34261
0.519882773,0.03505578,0.011198523,0.002871203,0.426278249,0.004713472,-1.34261
0.533904208,0.019670576,0.006264207,0.003726504,0.433439326,0.002995179,-1.3696101
0.533865947,0.019891348,0.006489088,0.004439585,0.432587209,0.002726824,-1.3696101
0.449654616,0.01248931,0.004627273,0.003634072,0.526914148,0.002680582,-0.70041
0.491260866,0.014140793,0.004324003,0.003444488,0.483532506,0.003297345,-0.06751
0.484124545,0.015336678,0.004432192,0.002926061,0.490422077,0.002758447,-0.55521
0.49454086,0.017955585,0.004942179,0.003150781,0.476506678,0.002903916,-0.30521002
0.468679861,0.013718204,0.003000762,0.00396703,0.508318833,0.002315309,-0.17751
0.522161794,0.018369889,0.005713196,0.002816028,0.447426536,0.003512557,0.78809
0.503492871,0.022617558,0.009737302,0.005187855,0.456586312,0.002378102,1.40459
0.51858594,0.015065192,0.004184008,0.003924047,0.456445694,0.001795119,1.8558
0.533468275,0.019225031,0.005606927,0.003586977,0.434461558,0.003651231,2.1463
0.464530424,0.012757541,0.003658166,0.00319013,0.513511463,0.002352276,1.59839
0.501789178,0.014653881,0.004573873,0.004214042,0.471715292,0.003053733,2.74621
0.433444858,0.052020663,0.027153055,0.002355713,0.475381563,0.009644148,2.60339
0.371431872,0.040875552,0.02235052,0.002500964,0.552246868,0.010594224,3.1034899
0.52130241,0.013732966,0.004957457,0.003514807,0.453720043,0.002772317,4.67509
0.487966231,0.016151148,0.005330882,0.004792282,0.483776551,0.001982907,4.67509
0.493241284,0.017503428,0.008019766,0.004076893,0.473784414,0.003374215,3.68151
0.532515382,0.014725661,0.005325861,0.003686743,0.441456924,0.002289429,3.48041
0.526371852,0.019749874,0.005947052,0.003727227,0.440797296,0.003406698,3.21871
0.477696768,0.015082348,0.004804083,0.002988459,0.497106117,0.002322224,3.32791
0.545527983,0.015998253,0.004990511,0.003291976,0.427730527,0.002460748,0.65171003
0.53503886,0.017238665,0.004182315,0.002847944,0.437571968,0.003120248,2.74621
0.52930792,0.015739799,0.004768267,0.002663979,0.44404802,0.003472015,2.11989
0.513596643,0.016614977,0.004285778,0.00247894,0.460043494,0.002980168,2.5015
0.520368383,0.020334735,0.004416637,0.00313421,0.449223094,0.00252294,2.9581
0.544600533,0.018176777,0.004766096,0.002892019,0.427030104,0.002534471,2.81959
0.50410883,0.016381379,0.004332303,0.002751841,0.469339398,0.003086248,2.50951
0.282563846,0.068224588,0.074725717,0.010528325,0.527242936,0.036714588,17.6183
0.277801628,0.065421559,0.075959764,0.009085569,0.531056401,0.040675079,17.93561
0.287833235,0.06301856,0.074879092,0.009789836,0.526043605,0.038435673,18.53379
0.306996224,0.067253202,0.059292298,0.013206047,0.525592482,0.027659746,18.86921
0.289617578,0.069740318,0.077237547,0.01150022,0.515729334,0.036175003,19.44351
0.295951796,0.066990266,0.058983539,0.0139056,0.536248795,0.027920004,20.075909
0.276627141,0.073047977,0.080812199,0.011501676,0.521102098,0.03690891,19.97111
0.334483311,0.064823909,0.055525623,0.010044359,0.506790267,0.028332531,19.02241
0.315951809,0.065424901,0.062124598,0.009533662,0.515858218,0.031106813,19.24391
0.276015641,0.071087665,0.077126564,0.009082267,0.527199309,0.039488554,19.7515
0.328773083,0.065972793,0.063945422,0.009541049,0.500343546,0.031424108,19.59289
0.28927575,0.072348845,0.082264164,0.008608176,0.507567716,0.039935349,20.75351
0.298162489,0.076224238,0.076960966,0.008368404,0.50239738,0.037886523,20.95771
0.308376645,0.072385949,0.069682467,0.00850078,0.503632442,0.037421717,20.9495
0.3148639,0.072967929,0.07234477,0.007760978,0.495494766,0.036567657,20.7624
0.318105367,0.071658617,0.068719303,0.00774494,0.497457602,0.036314171,20.6382
0.327845176,0.068198963,0.056505744,0.008449618,0.505499264,0.033501234,19.99341
0.333143467,0.064285787,0.05044016,0.009436626,0.512301117,0.030392843,19.7163
0.342601211,0.070101582,0.061367147,0.009275441,0.483724052,0.032930568,20.97361
0.331517914,0.069921418,0.05652811,0.01013385,0.499418832,0.032479876,21.09931
0.327905073,0.072107169,0.059320517,0.009499086,0.498246529,0.032921626,21.7149
0.340110567,0.072726807,0.063914093,0.009686484,0.479995786,0.033566262,22.522509
0.2813948,0.072629998,0.079389114,0.01033947,0.515774757,0.040471861,24.6839
0.101975269,0.041432471,0.064637867,0.015256143,0.702585515,0.074112735,27.44529
0.096704871,0.037189589,0.055217287,0.013371538,0.722301815,0.0752149,27.44529
0.101072607,0.038916392,0.059062156,0.01299505,0.70819582,0.079757976,27.32551
0.138978546,0.049174103,0.066071768,0.013100437,0.670210746,0.062464401,27.32551
0.137103541,0.045645242,0.062930022,0.013760698,0.674609834,0.065950663,27.20621
0.145645331,0.047219307,0.06547744,0.013850997,0.661070304,0.066736621,27.20621
0.175020836,0.049053459,0.064888677,0.013215859,0.634599357,0.063221812,27.27769
0.184540177,0.045523984,0.060189429,0.013137794,0.635502597,0.061106019,27.20621
0.184620596,0.049966125,0.06554878,0.013211382,0.626693767,0.05995935,27.156109
0.221898872,0.055232206,0.070934885,0.013338184,0.586273797,0.052322057,27.17951
0.524959174,0.020349335,0.00589409,0.002068333,0.441978211,0.004750856,5.12261
0.375625301,0.074110149,0.067760943,0.007467532,0.444011544,0.031024531,20.88181
0.334853923,0.07257832,0.074530881,0.006618559,0.475632932,0.035785385,21.2895
0.366532937,0.074501265,0.069926533,0.005827387,0.447892068,0.035319808,21.216791
0.301948021,0.056258886,0.039524736,0.007780028,0.576084455,0.018403874,22.9019
0.330871277,0.059819463,0.041334459,0.007774481,0.544794,0.01540632,22.605091
0.342555422,0.058782745,0.040522861,0.008345396,0.534158745,0.015634832,25.10079
0.334783964,0.064707451,0.045227047,0.008272626,0.530796727,0.016212185,24.626291
0.286591925,0.052349205,0.037795951,0.007948556,0.596073093,0.019241269,23.8147
0.371466058,0.053267924,0.033593368,0.007034207,0.521571883,0.01306656,22.0336
0.259112722,0.041381205,0.024367224,0.00675574,0.654949797,0.013433313,20.622509
0.311069182,0.044830311,0.025020764,0.006535008,0.605733459,0.006811276,22.511791
0.295337795,0.040508406,0.021460301,0.006303425,0.628044931,0.008345142,22.17159
0.364181009,0.074926867,0.072170078,0.007247104,0.439513168,0.041961774,20.88821
0.642589015,0.048453152,0.03683701,0.004822538,0.249733906,0.017564377,20.677809
0.400888914,0.078319405,0.062864088,0.007004876,0.424212131,0.026710585,27.103691
0.336525986,0.073990356,0.07224589,0.004995862,0.469044043,0.043197863,26.95729
0.36765638,0.077615349,0.071129004,0.005456347,0.435834837,0.042308082,27.2618
0.278633277,0.065272184,0.071969594,0.013922778,0.518592026,0.051610141,27.501009
0.382740211,0.079519638,0.067760771,0.009043109,0.428218052,0.032718219,20.6929
0.365719143,0.075142258,0.070723652,0.008253256,0.448134907,0.032026784,22.11329
0.351662048,0.092720897,0.076185573,0.005972379,0.440624565,0.032834538,21.802109
0.392866987,0.062394303,0.049673134,0.007772614,0.458812355,0.028480607,25.19469
0.245127243,0.065852449,0.042979408,0.014667895,0.621107867,0.010265138,26.48259
0.213689376,0.06461785,0.045186013,0.01152626,0.649758347,0.015222155,27.68591
0.203644666,0.059143544,0.042298295,0.016439182,0.663017525,0.015456788,27.5991
0.218654154,0.061252437,0.050734853,0.013405209,0.645286347,0.010667,25.51941
0.172184574,0.054058192,0.042566447,0.016996243,0.695517133,0.018677412,27.5991
0.210265006,0.06891959,0.055941181,0.022237465,0.620644551,0.021992207,27.739191
0.107708034,0.045627114,0.073516136,0.024936793,0.681002996,0.067208926,28.73809
0.214898412,0.066450535,0.074091661,0.016432282,0.57117394,0.05695317,29.1204
0.173955967,0.061221386,0.065053158,0.022548261,0.6328225,0.044398728,28.42009
0.203902656,0.06333483,0.065293582,0.019641068,0.607007728,0.040820137,28.97129
0.185309855,0.059781584,0.072214905,0.019616091,0.61693646,0.046141104,28.874609
0.186861511,0.059603258,0.068837814,0.02194451,0.611280745,0.051472163,29.30541
0.104391944,0.049399699,0.051829666,0.021087855,0.750702064,0.022588771,28.91551
0.161814872,0.066977584,0.077635812,0.026129216,0.623910377,0.043532138,29.06119
0.20001958,0.061448384,0.06828149,0.021260364,0.604250041,0.04474014,29.40299
0.189819888,0.063840271,0.071315369,0.022908566,0.604411785,0.047704121,28.997
0.182230586,0.06192779,0.066975263,0.021160938,0.624449842,0.043255581,28.91551
0.415882032,0.044045218,0.022887042,0.005390041,0.500383194,0.011412473,17.1665
0.43950037,0.041906787,0.020128257,0.004890892,0.48392559,0.009648103,21.12701
0.306408819,0.07107864,0.063714055,0.008674428,0.511305087,0.038818972,28.821709
0.267998803,0.058040487,0.062880327,0.0096746,0.556165551,0.045240232,27.5816
0.388148168,0.075721142,0.064306576,0.003970787,0.432855494,0.034997834,27.42229
0.329988621,0.074939004,0.066909691,0.005975041,0.491116931,0.031070713,25.376009
0.335887522,0.073762733,0.057024042,0.009710224,0.495255838,0.028359641,24.879091
0.361982359,0.060312338,0.068482841,0.007942436,0.458848147,0.042431879,26.16099
0.301900171,0.077547787,0.081115967,0.005599814,0.485539413,0.048296848,27.83079
0.334276975,0.068169497,0.066019939,0.004874003,0.484890897,0.041768688,27.21891
0.409985303,0.071690111,0.048146126,0.007285324,0.437363007,0.025530128,17.805809
0.397086024,0.085743958,0.062380606,0.004806089,0.423451287,0.026532036,16.832409
0.304546165,0.10714216,0.104989407,0.00556738,0.464918918,0.012835971,17.16809
0.416284459,0.076192854,0.055627775,0.005092112,0.421005158,0.025797642,17.94969
0.438163166,0.075595474,0.053735746,0.006053802,0.403997711,0.022454101,26.3532
0.381284195,0.082447266,0.058704105,0.000378514,0.448883383,0.028302536,26.135809
0.314199392,0.082862801,0.079437637,0.006040626,0.476476648,0.040982896,28.00121
0.368054873,0.109363566,0.050838276,0.01183525,0.450471291,0.009436744,28.08251
0.565117467,0.016367361,0.004460364,0.003005084,0.408971511,0.002078212,-0.32421002
0.548242363,0.015974907,0.004882107,0.003098005,0.425806516,0.001996102,-0.17141
0.532863316,0.014863249,0.004468987,0.003178352,0.442514989,0.002111106,-0.53711003
0.537075605,0.01427158,0.004541454,0.001505436,0.438998125,0.003607799,-0.79861003
0.400979389,0.031547432,0.015347486,0.004048382,0.541452979,0.006624333,15.30819
0.366821911,0.035793687,0.018863136,0.004548155,0.564971423,0.009001689,15.1591
0.386387233,0.032432308,0.016387588,0.003895316,0.553343106,0.00755445,16.47629
0.418118791,0.027478148,0.009954318,0.003030502,0.536266865,0.005151375,16.5314
0.407579142,0.028290921,0.011071738,0.003427095,0.544130097,0.005501007,15.235591
0.386769157,0.063487907,0.056720014,0.002902798,0.451569364,0.038550759,24.63319
0.326384933,0.068916682,0.058658517,0.004915854,0.506844724,0.03427929,24.365091
0.352283888,0.067433472,0.058065148,0.005167467,0.483736744,0.03331328,25.08789
0.390319335,0.07050547,0.049609642,0.003788131,0.459856151,0.02592127,25.696209
0.309262973,0.058395631,0.05339137,0.008940075,0.539508446,0.030501505,26.16839
0.247941499,0.062505312,0.067211042,0.010746651,0.569214784,0.042380713,27.049091
0.23828493,0.06605066,0.057190095,0.016297334,0.596002841,0.026174139,26.85451
0.232283535,0.063347813,0.058861006,0.01224705,0.611434637,0.021825958,27.24319
0.179804089,0.061487094,0.073345924,0.020527925,0.629801091,0.035033876,27.10689
0.190022078,0.057225739,0.068654716,0.022389129,0.627873424,0.033834915,27.10689
0.263023172,0.063500562,0.072107115,0.01142782,0.558515219,0.031426112,27.617691
0.258893659,0.066261346,0.074417791,0.011314774,0.560185709,0.02892672,27.302391
0.274881225,0.06379249,0.071738154,0.011249706,0.549072505,0.02926592,27.11899
0.298276929,0.068705308,0.073580234,0.009290178,0.520518136,0.029629216,27.23671
0.29739948,0.070026209,0.073770722,0.008966144,0.518959792,0.030877653,26.804691
0.258315493,0.066523802,0.074433766,0.011518459,0.557868551,0.031339927,27.4621
0.260074076,0.062103345,0.067745613,0.014578761,0.566854462,0.028643744,27.800709
0.370952857,0.068365444,0.050303976,0.005251512,0.481321664,0.023804547,24.39041
0.36976425,0.062214673,0.049950289,0.006587719,0.487535228,0.02394784,24.39041
0.373496913,0.062798156,0.045628741,0.007314096,0.488987045,0.021775049,24.0793
0.463816195,0.026960198,0.008501477,0.003209082,0.493520624,0.003992424,10.73691
0.414034522,0.027288312,0.009895131,0.003494584,0.538932143,0.006355309,9.60331
0.410832505,0.062484443,0.040226716,0.003434298,0.462127326,0.020894712,18.95411
0.329594392,0.076304262,0.061974527,0.004640105,0.497861694,0.02962502,20.172909
0.319950151,0.069047113,0.064770885,0.00574312,0.508647273,0.031841459,20.38459
0.31871728,0.07144984,0.064196253,0.004342153,0.509337031,0.031957443,20.364809
0.474793008,0.043013842,0.0186375,0.003182645,0.45157763,0.008795375,9.99471
0.391269573,0.063181034,0.046061232,0.004287239,0.471226106,0.023974814,22.049591
0.434645462,0.060062103,0.035563253,0.003994181,0.449281504,0.016453496,18.40761
0.476820205,0.045902286,0.021161123,0.006429201,0.441611877,0.008075308,10.58699
0.467092523,0.052396972,0.026440702,0.002758634,0.440233091,0.011078078,10.839991
0.460897983,0.05532871,0.027312842,0.002682993,0.442721785,0.011055687,10.62861
0.482012275,0.060415545,0.031481569,0.001980326,0.41256642,0.011543866,10.22749
0.509019873,0.049348788,0.02173751,0.002237846,0.409165807,0.008490176,9.29479
0.477690365,0.032711326,0.011318581,0.002498005,0.471570793,0.004210929,10.157809
0.47589297,0.029349185,0.010896378,0.003786448,0.47609732,0.003977698,9.9747095
0.29540927,0.073012,0.071573279,0.002040727,0.511604886,0.046359838,24.068909
0.394238023,0.073002233,0.053824023,0.002995117,0.450278183,0.025662421,19.395609
0.393522438,0.069853656,0.051058071,0.003416155,0.456858295,0.025291386,19.395609
0.397951351,0.067470875,0.048711133,0.003238183,0.456735537,0.025892921,19.395609
0.281872907,0.048594614,0.041819648,0.01328225,0.594870543,0.019560038,20.056791
0.297579261,0.046631002,0.039800315,0.011771015,0.584322496,0.019895911,19.4363
0.316766411,0.04053576,0.032047158,0.009439069,0.585416165,0.015795438,17.7292
0.240708573,0.061515106,0.082580521,0.003082627,0.5488562,0.063256973,29.6894
0.238063528,0.061969768,0.080333955,0.004206899,0.552397283,0.063028568,29.678791
0.283015948,0.061865174,0.070165338,0.004720843,0.526479652,0.053753045,29.61401
0.275588175,0.085354858,0.072620878,0.006040783,0.506853483,0.053541822,29.580809
0.248210822,0.060575912,0.077110075,0.004654675,0.546888741,0.062559775,29.67749
0.509095019,0.044880714,0.022578917,0.003343372,0.414151509,0.005950468,4.31131
0.63579014,0.034399465,0.016260369,0.001725641,0.30568595,0.006138434,3.77949
0.545683244,0.025265809,0.009068854,0.002293762,0.414710002,0.002978329,3.43129
0.488811083,0.042506134,0.021781779,0.003113811,0.437300515,0.006486677,5.1333
0.476028254,0.025528321,0.011763292,0.004191739,0.478174309,0.004314084,12.077209
0.436598866,0.056722277,0.034467948,0.004948233,0.458495748,0.008766928,12.1644
0.421591059,0.018040407,0.007561147,0.003960916,0.545278053,0.003568418,12.089291
0.17091082,0.061097662,0.098741454,0.02264695,0.562811587,0.083791527,25.59309
0.201840595,0.074915212,0.080729119,0.028913258,0.569214795,0.044387021,26.78921
0.248487354,0.074383461,0.086805297,0.025126568,0.514798719,0.050398601,26.78921
0.227731019,0.062785912,0.082311225,0.021265924,0.554819088,0.051086832,26.78921
0.445951454,0.042512542,0.022212106,0.005281703,0.479397522,0.004644674,10.912009
0.413233091,0.021009714,0.006338423,0.003285021,0.552406221,0.00372753,13.51341
0.269979046,0.058804416,0.045672974,0.015844724,0.582830988,0.026867852,25.598
0.207879244,0.060834455,0.073114665,0.022600351,0.589804366,0.04576692,27.41529
0.228366232,0.057049839,0.070832141,0.019375241,0.574213195,0.050163352,26.90879
0.235003436,0.06828259,0.103584806,0.009817415,0.522510778,0.060800975,20.490091
0.237046678,0.071469941,0.105416991,0.008127457,0.517617057,0.060321876,20.490091
0.234647363,0.071117611,0.109671506,0.008530279,0.514729889,0.061303351,20.490091
0.265320621,0.066838001,0.07943368,0.009284733,0.531064633,0.048058332,25.9895
0.254819725,0.06930231,0.072571975,0.010173843,0.547828897,0.045303249,25.61591
0.5237833,0.027728335,0.009784736,0.003035399,0.431931346,0.003736884,-0.02871
0.454657608,0.036892136,0.016016278,0.003902277,0.485256859,0.003274842,-0.25011
0.554880682,0.022667524,0.005976345,0.00255134,0.409159749,0.004764359,-1.53881
0.531043297,0.029889037,0.010871814,0.002899511,0.420926789,0.004369552,-1.3013101
0.540696511,0.01745046,0.005360174,0.002724279,0.430862333,0.002906244,-1.16811
0.555330702,0.01478553,0.004746958,0.003061342,0.419579911,0.002495557,-0.71881
0.558010043,0.034549595,0.011884597,0.003104618,0.387071668,0.00537948,-0.91101
0.594816145,0.029528865,0.008326087,0.003014667,0.361302428,0.003011807,-1.2214
0.33,0.08,0.06,0.02,0.5,0.01,25.12669
0.21,0.07,0.05,0.02,0.64,0.01,25.88709
0.25,0.09,0.08,0.03,0.52,0.02,26.2446
0.22,0.07,0.08,0.02,0.56,0.05,26.89789
0.21,0.05,0.04,0.01,0.68,0.01,24.689991
0.22,0.06,0.05,0.02,0.64,0.01,26.05041
0.22,0.06,0.04,0.02,0.65,0.01,26.120409
0.22,0.06,0.04,0.03,0.64,0.01,26.120409
0.22,0.06,0.04,0.01,0.67,0.01,26.108
0.19,0.06,0.06,0.02,0.64,0.02,26.496609
0.21,0.07,0.08,0.02,0.57,0.05,26.8594
0.2,0.06,0.06,0.02,0.64,0.02,26.4884
0.2,0.07,0.05,0.02,0.64,0.02,26.496609
0.13,0.07,0.07,0.02,0.68,0.03,26.61631
0.18,0.07,0.06,0.02,0.64,0.03,26.60881
0.19,0.07,0.07,0.02,0.61,0.03,26.71191
0.23,0.06,0.04,0.02,0.63,0.01,26.72671
0.19,0.07,0.06,0.02,0.64,0.02,26.6955
0.21,0.06,0.05,0.02,0.65,0.01,27.050291
0.2,0.07,0.06,0.02,0.64,0.02,26.821991
0.22,0.07,0.08,0.02,0.56,0.04,26.92489
0.19,0.07,0.07,0.02,0.62,0.02,26.87829
0.19,0.07,0.07,0.02,0.61,0.04,27.003191
0.19,0.06,0.05,0.02,0.66,0.01,26.90259
0.2,0.06,0.05,0.02,0.65,0.01,26.95099
0.21,0.06,0.06,0.02,0.64,0.02,26.929
0.21,0.06,0.05,0.02,0.64,0.02,27.1233
0.465517241,0.046934866,0.02394636,0.010536398,0.445402299,0.007662835,16.18811
0.36,0.05037037,0.028148148,0.011851852,0.539259259,0.01037037,16.37029
0.425373134,0.056716418,0.029850746,0.011940299,0.46119403,0.014925373,16.37029
0.391581633,0.066326531,0.045918367,0.011479592,0.464285714,0.020408163,16.4535
0.343881857,0.069620253,0.063291139,0.010548523,0.485232068,0.02742616,16.4535
0.329431438,0.073578595,0.080267559,0.008361204,0.476588629,0.031772575,16.519009
0.357743097,0.053421369,0.028211285,0.012004802,0.539015606,0.009603842,16.36851
0.35257732,0.069415808,0.053608247,0.011683849,0.491408935,0.021305842,16.80461
0.308533917,0.072210066,0.072210066,0.010940919,0.503282276,0.032822757,16.91401
0.316628702,0.074031891,0.080865604,0.009111617,0.485193622,0.034168565,16.91401
0.388791594,0.056917688,0.031523643,0.013134851,0.49474606,0.014886165,16.842709
0.396013865,0.058058925,0.030329289,0.012131716,0.487001733,0.016464471,17.021
0.382511556,0.065100154,0.042372881,0.012711864,0.481895223,0.01540832,17.09609
0.359259259,0.065432099,0.045679012,0.012345679,0.498765432,0.018518519,17.06201
0.319213313,0.075642965,0.077155825,0.010590015,0.487140696,0.030257186,17.2142
0.32037325,0.071539658,0.079315708,0.00933126,0.480559876,0.038880249,17.2142
0.472584856,0.046997389,0.023498695,0.010443864,0.438642298,0.007832898,16.7829
0.449938195,0.048207664,0.023485785,0.009888752,0.461063041,0.007416564,16.7829
0.406906907,0.052552553,0.028528529,0.012012012,0.487987988,0.012012012,16.7829
0.422535211,0.047887324,0.025352113,0.011267606,0.481690141,0.011267606,16.7829
0.36345776,0.062868369,0.046168959,0.011787819,0.496070727,0.019646365,16.713291
0.337804878,0.070731707,0.059756098,0.01097561,0.491463415,0.029268293,16.713291
0.323583181,0.069469835,0.069469835,0.009140768,0.491773309,0.036563071,17.152
0.333780161,0.069705094,0.063002681,0.010723861,0.491957105,0.030831099,16.713291
0.458825955,0.076796892,0.049190078,0.00578103,0.387006106,0.02239994,11.5148
0.509340626,0.060180857,0.030773273,0.003948936,0.383008217,0.012748091,10.135691
0.540740151,0.050548219,0.023849827,0.003623733,0.372125043,0.009113026,8.859509
0.529441062,0.0634823,0.029325186,0.005020187,0.357527719,0.015203545,8.865009
0.565630522,0.040614218,0.015688243,0.00345083,0.369116827,0.00549936,8.523109
0.483704798,0.087337053,0.048502771,0.006948817,0.349777684,0.023728876,13.17581
0.527640271,0.064550572,0.032961994,0.004398329,0.356031145,0.014417688,12.365491
0.535779434,0.078955713,0.035837744,0.003885549,0.331280845,0.014260715,8.9076
0.531018101,0.080442952,0.036290229,0.004534711,0.332594722,0.015119286,8.6749
0.542790915,0.069139499,0.027462994,0.004181366,0.343087569,0.013337657,8.52701
0.4,0.07,0.04,0.01,0.46,0.01,23.36021
0.37,0.08,0.05,0.01,0.47,0.02,23.789091
0.37,0.07,0.05,0.02,0.46,0.02,23.789091
0.31,0.09,0.08,0.02,0.48,0.03,24.69459
0.32,0.08,0.07,0.02,0.47,0.04,24.69459
0.32,0.08,0.08,0.01,0.47,0.04,24.69459
0.32,0.08,0.08,0.02,0.46,0.04,24.69459
0.33,0.08,0.09,0.02,0.45,0.04,24.95691
0.33,0.09,0.09,0.02,0.43,0.04,24.95691
0.33,0.09,0.1,0.01,0.42,0.04,25.06661
0.33,0.1,0.11,0.01,0.4,0.05,25.06291
0.36,0.07,0.04,0.01,0.51,0.01,23.136791
0.39,0.07,0.05,0.01,0.47,0.01,23.36021
0.33,0.07,0.06,0.02,0.51,0.02,24.09101
0.27,0.08,0.08,0.02,0.5,0.03,24.612991
0.27,0.08,0.09,0.03,0.51,0.03,24.612991
0.31,0.08,0.08,0.02,0.48,0.03,24.87129
0.32,0.08,0.07,0.02,0.48,0.03,24.87129
0.32,0.08,0.08,0.02,0.46,0.04,24.87129
0.31,0.08,0.09,0.02,0.45,0.04,24.97051
0.31,0.08,0.09,0.01,0.46,0.04,24.97051
0.31,0.07,0.1,0.01,0.46,0.05,25.151209
0.3,0.08,0.11,0.01,0.46,0.05,25.27469
0.28,0.09,0.08,0.02,0.5,0.03,25.35091
0.29,0.1,0.09,0.03,0.47,0.03,25.35091
0.29,0.09,0.08,0.03,0.48,0.03,25.35091
0.33,0.09,0.08,0.02,0.46,0.03,25.4661
0.33,0.08,0.09,0.02,0.44,0.04,25.4661
0.34,0.08,0.08,0.02,0.45,0.04,25.4661
0.3,0.09,0.09,0.02,0.48,0.04,25.54471
0.33,0.08,0.11,0.01,0.43,0.04,25.61239
0.36,0.08,0.07,0.01,0.45,0.04,25.62631
0.3,0.08,0.08,0.02,0.48,0.04,25.0228
0.3,0.08,0.09,0.02,0.48,0.04,25.22439
0.25,0.08,0.07,0.02,0.55,0.03,25.3936
0.26,0.07,0.08,0.02,0.54,0.03,25.3936
0.27,0.07,0.07,0.02,0.53,0.03,25.3936
0.28,0.08,0.08,0.02,0.51,0.04,25.3936
0.3,0.07,0.08,0.02,0.49,0.04,25.3936
0.31,0.08,0.09,0.01,0.47,0.04,25.5949
0.3,0.08,0.1,0.01,0.46,0.04,25.675
0.21,0.07,0.08,0.02,0.59,0.02,25.689
0.26,0.07,0.07,0.03,0.54,0.02,25.28441
0.27,0.07,0.07,0.03,0.53,0.03,25.43989
0.27,0.07,0.07,0.02,0.54,0.03,25.28441
0.31,0.1,0.08,0.02,0.46,0.03,25.5944
0.34,0.08,0.08,0.02,0.45,0.03,25.5944
0.31,0.08,0.08,0.01,0.48,0.04,25.5944
0.33,0.08,0.08,0.02,0.45,0.04,25.5944
0.32,0.08,0.09,0.01,0.45,0.04,25.72921
0.32,0.09,0.1,0.01,0.43,0.04,25.77939
0.34,0.08,0.09,0.01,0.45,0.03,25.81689
0.46702454,0.025051125,0.01303681,0.002811861,0.489519427,0.002556237,13.771709
0.172335601,0.014739229,0.007936508,0.011337868,0.782312925,0.011337868,14.86591
0.412138728,0.034682081,0.015028902,0.004624277,0.527745665,0.005780347,14.86591
0.388826816,0.031284916,0.012290503,0.004469274,0.557541899,0.005586592,14.82279
0.410377358,0.035849057,0.016037736,0.005188679,0.527830189,0.004716981,14.94939
0.473940575,0.036531905,0.015586946,0.003896736,0.465172918,0.004870921,14.9505
0.408900084,0.026868178,0.012174643,0.004198153,0.543660789,0.004198153,16.671791
0.41165142,0.027924892,0.011555128,0.003370246,0.540683678,0.004814636,14.919709
0.413291796,0.031152648,0.01298027,0.004153686,0.533229491,0.005192108,15.42381
0.444553484,0.041707556,0.02060844,0.003925417,0.484298332,0.004906771,15.169391
0.33,0.073,0.07,0.01,0.487,0.03,17.24741
0.329,0.075,0.071,0.011,0.483,0.032,17.19469
0.331,0.071,0.062,0.01,0.499,0.027,17.19469
0.347,0.069,0.057,0.01,0.49,0.025,17.12451
0.36,0.067,0.05,0.01,0.49,0.022,17.12451
0.374,0.063,0.04,0.01,0.497,0.016,17.12451
0.393,0.066,0.035,0.011,0.482,0.011,17.12451
0.402,0.066,0.039,0.01,0.47,0.014,16.83901
0.378,0.065,0.054,0.009,0.471,0.022,17.016691
0.401,0.059,0.031,0.009,0.489,0.011,16.74271
0.352,0.06,0.044,0.01,0.514,0.019,16.92101
0.376,0.065,0.055,0.009,0.473,0.022,17.016691
0.343,0.07,0.071,0.009,0.48,0.027,17.093891
0.379,0.066,0.051,0.009,0.475,0.02,16.92101
0.381,0.066,0.053,0.009,0.471,0.019,17.14009
0.364,0.069,0.064,0.009,0.468,0.026,17.27379
0.33,0.068,0.075,0.009,0.488,0.031,17.31549
0.343,0.069,0.07,0.009,0.48,0.028,18.72219
0.41,0.064,0.041,0.009,0.461,0.014,17.14009
0.35,0.069,0.068,0.009,0.477,0.027,17.21799
0.373,0.066,0.055,0.009,0.475,0.021,17.237
0.302,0.064,0.072,0.009,0.518,0.034,17.31549
0.407,0.061,0.039,0.01,0.47,0.013,17.0298
0.465,0.046,0.021,0.009,0.452,0.007,17.10359
0.428,0.056,0.026,0.009,0.474,0.006,17.06619
0.454,0.047,0.021,0.008,0.464,0.006,16.9957
0.422,0.057,0.026,0.009,0.478,0.008,16.97091
0.412,0.06,0.029,0.01,0.481,0.008,16.97091
0.422,0.058,0.025,0.01,0.476,0.009,16.68659
0.419,0.05,0.024,0.009,0.492,0.006,16.85251
0.453,0.045,0.019,0.008,0.469,0.006,16.533209
0.419,0.06,0.028,0.01,0.475,0.008,16.7691
0.398,0.065,0.034,0.011,0.481,0.011,16.7691
0.417,0.06,0.028,0.01,0.477,0.008,16.74271
0.491,0.048,0.021,0.008,0.426,0.006,16.64749
0.465,0.046,0.019,0.008,0.457,0.005,16.64749
0.428,0.051,0.023,0.009,0.482,0.006,16.64749
0.445,0.045,0.02,0.009,0.475,0.006,17.14129
0.436,0.047,0.021,0.008,0.48,0.007,17.14129
0.429,0.048,0.022,0.009,0.486,0.007,17.14129
0.423,0.062,0.031,0.01,0.464,0.009,17.14129
0.481,0.043,0.02,0.009,0.441,0.006,17.10359
0.42,0.052,0.025,0.009,0.487,0.007,17.1758
0.482,0.046,0.02,0.009,0.438,0.006,16.64749
0.479,0.045,0.019,0.008,0.443,0.005,16.64749
0.478,0.043,0.019,0.008,0.448,0.005,16.64749
0.481,0.043,0.018,0.007,0.447,0.004,16.64749
0.471,0.047,0.02,0.008,0.448,0.005,16.64749
0.459,0.046,0.019,0.008,0.463,0.005,16.64749
0.462,0.049,0.021,0.008,0.454,0.006,16.64749
0.458,0.05,0.021,0.009,0.458,0.005,16.64749
0.441,0.051,0.022,0.009,0.472,0.006,16.64749
0.486,0.047,0.021,0.009,0.432,0.005,16.665491
0.468,0.045,0.02,0.009,0.453,0.004,16.665491
0.476,0.046,0.021,0.008,0.443,0.005,16.64749
0.39,0.077,0.044,0.013,0.457,0.018,19.70759
0.351,0.078,0.056,0.013,0.477,0.025,19.53679
0.336,0.077,0.062,0.012,0.484,0.029,19.53679
0.327,0.076,0.067,0.01,0.488,0.031,19.4372
0.341,0.081,0.069,0.013,0.464,0.032,19.76419
0.33,0.077,0.071,0.012,0.477,0.033,19.78451
0.346,0.081,0.05,0.015,0.488,0.02,19.76419
0.343,0.081,0.061,0.014,0.473,0.028,19.76419
0.352,0.076,0.062,0.011,0.468,0.031,19.76419
0.322,0.082,0.062,0.014,0.492,0.028,19.76419
0.329,0.079,0.067,0.012,0.476,0.037,19.76419
0.374,0.078,0.044,0.013,0.47,0.021,19.70759
0.347,0.08,0.062,0.014,0.47,0.026,19.53679
0.295,0.079,0.077,0.012,0.497,0.039,19.76419
0.353,0.083,0.061,0.016,0.46,0.027,19.76419
0.382,0.076,0.046,0.014,0.464,0.019,19.76419
0.328,0.077,0.066,0.011,0.486,0.032,19.4372
0.336,0.083,0.064,0.013,0.475,0.03,19.53679
0.357,0.081,0.065,0.015,0.459,0.024,19.53679
0.382,0.077,0.044,0.014,0.464,0.018,19.70759
0.366,0.065,0.054,0.011,0.471,0.034,19.76419
0.341,0.084,0.059,0.016,0.475,0.026,19.76419
0.321,0.085,0.073,0.016,0.47,0.035,19.78451
0.384,0.08,0.047,0.014,0.455,0.02,19.76419
0.365,0.078,0.055,0.013,0.464,0.025,19.53679
0.337,0.083,0.067,0.014,0.468,0.031,19.4372
0.362,0.08,0.046,0.015,0.481,0.016,19.53679
0.361,0.079,0.05,0.014,0.476,0.021,19.76419
0.326,0.086,0.062,0.015,0.485,0.026,19.76419
0.319,0.082,0.072,0.016,0.477,0.034,19.76419
0.306,0.08,0.077,0.015,0.481,0.042,19.78451
0.341,0.078,0.058,0.014,0.484,0.025,19.70759
0.322,0.08,0.065,0.013,0.489,0.032,19.53679
0.351,0.072,0.063,0.011,0.467,0.035,19.78451
0.368,0.079,0.047,0.014,0.473,0.019,19.76419
0.394,0.078,0.045,0.014,0.45,0.018,19.70759
0.303,0.072,0.065,0.012,0.516,0.032,19.4372
0.348,0.079,0.052,0.013,0.485,0.023,19.53679
0.353,0.077,0.06,0.012,0.468,0.031,19.53679
0.449,0.044,0.033,0.009,0.461,0.005,17.34509
0.429,0.048,0.027,0.009,0.482,0.005,17.28379
0.423,0.043,0.03,0.009,0.489,0.005,17.78431
0.397,0.043,0.024,0.008,0.523,0.005,18.077091
0.459,0.051,0.018,0.006,0.461,0.004,17.836
0.279,0.075,0.086,0.012,0.51,0.038,20.4064
0.3,0.073,0.069,0.012,0.515,0.032,20.06201
0.218,0.081,0.13,0.014,0.506,0.051,21.36479
0.224,0.073,0.117,0.012,0.523,0.05,20.63831
0.223,0.074,0.115,0.013,0.526,0.049,20.90251
0.249,0.077,0.107,0.013,0.509,0.045,20.01281
0.256,0.077,0.102,0.014,0.508,0.043,20.87821
0.219,0.071,0.109,0.014,0.536,0.049,22.205809
0.222,0.073,0.118,0.014,0.523,0.05,22.24971
0.248,0.073,0.102,0.014,0.521,0.041,22.64899
0.261,0.075,0.087,0.016,0.526,0.034,22.81181
0.224,0.076,0.114,0.014,0.524,0.048,21.853891
0.215,0.072,0.114,0.012,0.532,0.054,21.78751
0.289,0.079,0.082,0.015,0.504,0.03,20.59849
0.294,0.078,0.082,0.016,0.501,0.03,20.73699
0.281,0.081,0.105,0.014,0.484,0.035,20.238909
0.304,0.076,0.075,0.016,0.505,0.024,19.97691
0.308,0.081,0.075,0.016,0.494,0.025,20.19459
0.314,0.079,0.073,0.017,0.494,0.024,19.6571
0.318,0.08,0.075,0.016,0.488,0.023,19.55999
0.308,0.078,0.077,0.015,0.499,0.023,19.37121
0.323,0.081,0.078,0.015,0.476,0.026,18.92621
0.325,0.078,0.071,0.015,0.486,0.024,18.64361
0.325,0.076,0.071,0.014,0.491,0.023,18.40011
0.334,0.075,0.068,0.014,0.488,0.021,18.18301
0.335,0.076,0.065,0.015,0.488,0.021,17.979809
0.289,0.065,0.058,0.009,0.543,0.034,18.06689
0.286,0.069,0.064,0.009,0.534,0.038,18.123009
0.511,0.059,0.023,0.006,0.391,0.01,8.2786
0.527,0.072,0.032,0.006,0.351,0.011,7.98969
0.615,0.057,0.02,0.004,0.299,0.005,8.121591
0.524,0.059,0.026,0.005,0.378,0.009,8.121591
0.536,0.079,0.034,0.005,0.336,0.01,7.96141
0.52,0.068,0.029,0.004,0.37,0.009,7.5602
0.532,0.075,0.034,0.004,0.346,0.009,7.49899
0.514,0.069,0.034,0.003,0.372,0.008,6.70529
0.535,0.069,0.031,0.004,0.352,0.009,7.3934
0.517,0.056,0.024,0.004,0.391,0.009,7.43001
0.545,0.065,0.028,0.004,0.349,0.008,7.21279
0.523,0.054,0.023,0.003,0.389,0.007,6.96799
0.55,0.06,0.026,0.004,0.353,0.008,7.25239
0.499,0.074,0.031,0.003,0.383,0.01,5.9152102
0.513,0.05,0.022,0.003,0.406,0.006,6.0462
0.503,0.055,0.023,0.003,0.411,0.005,6.33531
0.531,0.06,0.025,0.003,0.373,0.008,6.33531
0.499,0.048,0.019,0.003,0.426,0.006,3.3484101
0.524,0.083,0.033,0.003,0.346,0.01,1.84271
0.511,0.076,0.031,0.003,0.368,0.01,2.64239
0.505394144,0.02589492,0.007968105,0.00314027,0.452763362,0.004839198,-1.72431
0.456725158,0.030026237,0.009056732,0.002655068,0.495555527,0.005981278,-1.7352101
0.523243622,0.014174926,0.003984121,0.00192718,0.454382966,0.002287184,-1.40131
0.493887274,0.013489937,0.003753962,0.001631745,0.48381721,0.003419873,-1.41991
0.490031668,0.011672864,0.003643571,0.001678499,0.490920569,0.002052829,-1.54401
0.544393258,0.018241362,0.004481953,0.00250354,0.427531582,0.002848305,-1.62491
0.529467636,0.017475625,0.00537061,0.002380824,0.44321696,0.002088345,-1.6239101
0.537909597,0.024456122,0.007056544,0.002367262,0.425998102,0.002212372,-1.59401
0.51852128,0.029663872,0.007701782,0.002802907,0.436264926,0.005045233,-1.62921
0.568682,0.017651987,0.00452961,0.002144008,0.403926987,0.003065409,-1.55701
0.544882696,0.029833009,0.009292081,0.002889048,0.407996107,0.005107059,-1.57531
0.554980297,0.024586079,0.007597776,0.002213292,0.408184976,0.002437581,-1.62761
0.5668383,0.01724495,0.004367717,0.001567295,0.407454299,0.002527439,-1.6263
0.561505207,0.03026681,0.008818751,0.002341306,0.394188702,0.002879225,-1.57261
0.547265513,0.024046319,0.00677618,0.002134276,0.417096258,0.002681455,-1.5643
0.53525232,0.024083521,0.006722348,0.001931277,0.429525458,0.002485076,-1.70431
0.538527345,0.0115211,0.003277442,0.00199048,0.443587733,0.001095901,-1.65391
0.504124638,0.011693896,0.00313242,0.002133648,0.476914494,0.002000904,-1.55821
0.528454457,0.01473312,0.00383719,0.002039287,0.448731418,0.002204527,-1.47321
0.513225123,0.011830848,0.003229172,0.001611251,0.467867384,0.002236222,-1.11721
0.520085165,0.013613574,0.003569941,0.001740112,0.459246705,0.001744503,-1.47321
0.575943873,0.014132527,0.003965792,0.002173237,0.401729303,0.002055268,-1.70171
0.547909183,0.012381884,0.00303689,0.001493087,0.433326279,0.001852678,-1.64251
0.555728987,0.011832521,0.003308075,0.001600891,0.426451646,0.00107788,-1.42831
0.480576432,0.009889602,0.003037964,0.002021484,0.502557199,0.00191732,-1.64841
0.541765676,0.011767541,0.003037878,0.001488689,0.440341217,0.001599,-1.74881
0.508031579,0.011307181,0.002720091,0.001069474,0.475355956,0.001515718,-1.65041
0.561178215,0.010891001,0.002581286,0.001297918,0.422594252,0.001457329,-1.70471
0.559464288,0.014908443,0.003705832,0.002259011,0.418211804,0.001450622,-1.2920101
0.501240279,0.011964524,0.0036522,0.002827866,0.478324611,0.001990519,-1.2352101
0.540770677,0.013045183,0.004458414,0.002839268,0.437133307,0.001753151,-1.43301
0.439852337,0.011052178,0.004260293,0.002633509,0.539650642,0.002551041,-1.4112101
0.542427549,0.030426995,0.008259586,0.00191551,0.413466284,0.003504076,-1.26701
0.518552462,0.01255969,0.003893583,0.002748857,0.458995494,0.003249913,-1.3456
0.513463867,0.029884889,0.008789817,0.001878348,0.442329358,0.00365372,-1.15971
0.490010063,0.013866113,0.00425591,0.002341134,0.487036038,0.002490744,-0.83351004
0.522300192,0.032170756,0.009574433,0.001951504,0.429866127,0.004136988,-1.00121
0.490472039,0.060383938,0.025605119,0.002444589,0.414027636,0.007066679,1.71161
0.527603894,0.066790648,0.0259876,0.003126449,0.372275894,0.004215515,1.02219
0.508239783,0.064804062,0.02613361,0.002402502,0.3936857,0.004734342,1.02219
0.500071579,0.061268114,0.024300969,0.002588221,0.404754778,0.007016339,0.67019
0.510075109,0.05213059,0.021252816,0.002501954,0.40533661,0.008702921,0.3848
0.516627146,0.05792798,0.021506407,0.00250079,0.39567281,0.005764867,0.2921
0.522292446,0.05076191,0.017975546,0.002857982,0.400204435,0.00590768,0.05629
0.508244906,0.035037143,0.010792912,0.002068138,0.438640419,0.005216483,0.042990003
0.544271621,0.017148139,0.00486826,0.001778337,0.429425562,0.002508081,-0.13101
0.546990625,0.012682152,0.003832193,0.002080443,0.432747586,0.001667,-0.34771
0.541018793,0.017088893,0.005555459,0.002602822,0.431227227,0.002506806,0.03411
0.540272994,0.017553706,0.005770153,0.002658161,0.430329184,0.003415802,0.17
0.535912914,0.014867205,0.004259458,0.00230193,0.440506786,0.002151707,-0.33471
0.44799273,0.01477448,0.004572105,0.002225045,0.52645479,0.003980851,-0.54031
0.533331986,0.016262916,0.004841272,0.001729871,0.441698325,0.002135631,-0.47501
0.451862293,0.015233274,0.004135387,0.001688405,0.524563792,0.002516849,-0.45131
0.505913165,0.038859055,0.013036792,0.002696386,0.435019083,0.004475518,0.14269
0.524849727,0.038769004,0.012159245,0.002161974,0.417912522,0.004147528,0.1769
0.52747545,0.056004504,0.019140289,0.002688862,0.388898664,0.005792231,0.56261003
0.518836427,0.056637778,0.022773874,0.002448533,0.394490527,0.004812861,0.69699
0.518818462,0.051582098,0.017819602,0.002217908,0.404888495,0.004673436,1.23711
0.501251756,0.059116171,0.022177197,0.002573587,0.408630484,0.006250804,1.30469
0.453,0.067,0.033,0.004,0.433,0.01,6.73149
0.473,0.063,0.034,0.004,0.416,0.01,7.1199
0.459,0.067,0.03,0.004,0.429,0.011,2.48769
0.472,0.083,0.033,0.004,0.397,0.01,1.22459
0.495,0.065,0.026,0.004,0.402,0.008,0.13669
0.514,0.07,0.027,0.003,0.378,0.008,0.87521
0.46,0.066,0.03,0.004,0.429,0.011,4.56831
0.493,0.068,0.031,0.004,0.395,0.01,2.0186
0.479,0.071,0.03,0.004,0.406,0.01,1.75181
0.494,0.085,0.038,0.004,0.367,0.011,0.53301
0.476,0.08,0.033,0.004,0.397,0.01,0.13669
0.505,0.05,0.021,0.004,0.413,0.008,-1.33411
0.468,0.072,0.033,0.004,0.413,0.011,2.011
0.513,0.065,0.027,0.004,0.383,0.009,0.56229
0.469,0.07,0.034,0.004,0.412,0.011,3.1257899
0.478,0.061,0.03,0.005,0.415,0.011,9.15591
0.453,0.069,0.036,0.005,0.425,0.012,10.92549
0.484,0.064,0.033,0.004,0.405,0.01,10.9781
0.489,0.053,0.025,0.006,0.418,0.009,11.08571
0.491,0.05,0.022,0.006,0.422,0.008,11.50909
0.413,0.069,0.05,0.006,0.445,0.018,16.45399
0.437,0.074,0.044,0.004,0.427,0.013,15.03661
0.4,0.078,0.053,0.004,0.454,0.012,13.1518
0.351,0.077,0.047,0.003,0.507,0.015,12.29861
0.409,0.077,0.047,0.004,0.447,0.016,13.883909
0.386,0.081,0.049,0.004,0.462,0.018,13.82139
0.381,0.079,0.051,0.004,0.469,0.016,13.663
0.386,0.075,0.05,0.004,0.47,0.015,13.77761
0.396,0.081,0.055,0.004,0.447,0.016,14.343691
0.418,0.085,0.052,0.004,0.421,0.02,14.48169
0.455,0.066,0.044,0.005,0.417,0.013,15.91189
0.411,0.057,0.036,0.005,0.477,0.014,15.683809
0.406,0.058,0.042,0.004,0.475,0.015,15.894
0.416,0.069,0.049,0.004,0.447,0.015,16.6479
0.38,0.073,0.055,0.006,0.47,0.017,17.53001
0.402,0.074,0.048,0.004,0.455,0.017,14.3249
0.406,0.071,0.04,0.003,0.466,0.013,11.66101
0.432,0.063,0.033,0.004,0.456,0.012,9.349791
0.434,0.067,0.037,0.003,0.446,0.013,9.6117
0.425,0.063,0.035,0.003,0.46,0.014,9.9496
0.426,0.066,0.039,0.003,0.454,0.011,10.5821905
0.418,0.069,0.039,0.003,0.458,0.013,10.5821905
0.408,0.069,0.039,0.003,0.468,0.012,10.7675
0.394,0.073,0.045,0.003,0.47,0.014,11.864909
0.461,0.069,0.039,0.005,0.412,0.013,11.7072
0.411,0.079,0.051,0.004,0.438,0.017,12.307409
0.444,0.06,0.031,0.003,0.449,0.012,11.53391
0.451,0.065,0.033,0.003,0.437,0.011,11.49331
0.476,0.066,0.034,0.004,0.41,0.01,10.981891
0.479,0.061,0.031,0.005,0.412,0.012,10.97421
0.487,0.054,0.025,0.006,0.418,0.01,11.08571
0.503,0.049,0.019,0.007,0.415,0.008,11.671809
0.450220235,0.0348867,0.017253141,0.005888676,0.487222619,0.00452863,15.225591
0.504392936,0.035963963,0.01969211,0.005267672,0.429721897,0.004961422,15.05211
0.510388096,0.042289144,0.019050525,0.005076912,0.418709637,0.004485686,15.05211
0.459646451,0.040008946,0.018218767,0.005811461,0.469638991,0.006675385,14.9505
0.364623171,0.028273284,0.01320906,0.006421397,0.583649897,0.00382319,14.86591
0.48924022,0.036796457,0.015015385,0.004878323,0.447296912,0.006772703,14.9505
0.479041266,0.03747902,0.017024839,0.005029616,0.455499251,0.005926007,14.9505
0.498814393,0.031689404,0.012923506,0.004984987,0.446437142,0.005150568,14.9505
0.479610877,0.034353709,0.016007385,0.004410572,0.460688733,0.004928724,15.03041
0.448767989,0.034586635,0.020407536,0.004686719,0.485882363,0.005668758,15.169391
0.503349573,0.040711448,0.017412241,0.005448477,0.42904309,0.004035172,15.37231
0.533178658,0.039839626,0.016468023,0.005271192,0.401391231,0.003851269,15.37231
0.414970465,0.017249369,0.00679935,0.002525498,0.555244425,0.003210892,9.2156
0.46875637,0.016311129,0.005635607,0.002651309,0.504062201,0.002583385,8.2128
0.478861707,0.017963458,0.006972781,0.002632923,0.490829345,0.002739786,7.89039
0.477921202,0.019304227,0.007263569,0.002746066,0.489574356,0.003190579,8.756591
0.433703048,0.022479006,0.009606347,0.002751454,0.528123528,0.003336617,9.226191
0.462398801,0.024400152,0.008947939,0.002943611,0.497924258,0.003385239,9.21969
0.445545922,0.024117678,0.008884056,0.002813648,0.515326669,0.003312028,9.406
0.445249816,0.023865791,0.006837394,0.002327048,0.518472093,0.003247857,5.6504
0.442512,0.022996088,0.006661793,0.002140415,0.522442074,0.00324763,6.6539
0.410122837,0.036623279,0.010941433,0.003674937,0.535803979,0.002833535,6.8607
0.505025448,0.023876919,0.008852187,0.002905566,0.456319526,0.003020354,8.719609
0.492752597,0.023003981,0.006395316,0.003382739,0.472138865,0.002326503,9.95251
0.458099442,0.022144322,0.005817261,0.003470038,0.507506984,0.002961954,10.00189
0.143179562,0.053421692,0.063838619,0.029146121,0.695768984,0.014645023,29.39759
0.162935986,0.053644759,0.050991254,0.022349338,0.699110719,0.010967943,29.39759
0.123895449,0.050972847,0.03969044,0.018385135,0.753743419,0.01331271,29.301
0.145572315,0.052923715,0.04647263,0.019958482,0.726186028,0.008886831,29.301
0.12371942,0.050092821,0.041538403,0.017698102,0.754607047,0.012344207,29.301
0.163495392,0.06359966,0.064122161,0.024741411,0.676655959,0.007385418,29.301
0.148106873,0.056397535,0.050269153,0.0215947,0.713677079,0.00995466,29.301
0.123424844,0.060106788,0.050942537,0.024210605,0.717941219,0.023374007,29.301
0.117223609,0.058627161,0.051594318,0.024332369,0.724913879,0.023308664,29.301
0.116548017,0.057579984,0.05039234,0.024103683,0.728275384,0.023100592,29.301
0.110024865,0.057975879,0.055918244,0.027650237,0.722678918,0.025751857,29.3433
0.102454992,0.055239391,0.054850932,0.030600799,0.730163776,0.02669011,29.3433
0.101356426,0.055056439,0.055520719,0.032069001,0.728240079,0.027757336,29.3433
0.094471859,0.054383438,0.05540783,0.0408028,0.724635943,0.030298129,29.3433
0.099481963,0.053769777,0.0614924,0.032445672,0.721542621,0.031267568,29.3433
0.162264617,0.06530253,0.076322979,0.023988588,0.634724265,0.03739702,29.3433
0.106868477,0.058747087,0.062261409,0.035431637,0.701347718,0.035343672,29.3433
0.100729677,0.055733142,0.061728233,0.034651385,0.716323402,0.030834161,29.3433
0.101621089,0.056863935,0.064503402,0.034450587,0.711180303,0.031380685,29.3433
0.123826177,0.060053999,0.049139701,0.023166908,0.721562749,0.022250465,29.22909
0.10826909,0.055591916,0.048556629,0.025992303,0.737447353,0.024142709,29.22909
0.109858191,0.055669065,0.0512056,0.026370678,0.732416296,0.024480169,29.28389
0.110025678,0.056708782,0.050581893,0.027603961,0.729051248,0.026028437,29.28389
0.105515584,0.054100884,0.049834781,0.026694838,0.736875598,0.026978314,29.28389
0.109153836,0.055864453,0.052060829,0.029046931,0.727528141,0.026345812,29.28389
0.109614678,0.05566901,0.050552579,0.028638263,0.728958387,0.026567083,29.28389
0.100945149,0.05244262,0.054825588,0.030445877,0.729433903,0.031906863,29.27009
0.121561591,0.0577935,0.061976866,0.02904028,0.700756528,0.028871235,29.27009
0.13261619,0.059053378,0.059020997,0.029025635,0.688610925,0.031672874,29.27009
0.526643001,0.016788294,0.004654971,0.001812722,0.447181928,0.002919085,3.6715
0.539661416,0.015170247,0.004366587,0.00235548,0.436447593,0.001998677,2.6015
0.509112445,0.0226468,0.007342687,0.003495577,0.454670034,0.002732458,2.76409
0.492862198,0.047033596,0.02702309,0.002240277,0.422629046,0.008211793,3.67449
0.475850866,0.050132886,0.025692566,0.002677859,0.438056558,0.007589266,3.82749
0.504086976,0.01570423,0.005265357,0.00296711,0.47000073,0.001975597,2.95789
0.491270411,0.030532598,0.010549802,0.003350966,0.460365833,0.003930391,3.09801
0.48114219,0.046532803,0.022735255,0.00281433,0.440234311,0.006541111,4.62181
0.467560568,0.04476063,0.020510629,0.002967283,0.457767392,0.006433499,4.63441
0.503835708,0.017285588,0.005630365,0.002664184,0.468394755,0.0021894,4.83089
0.492216456,0.025943267,0.010113241,0.002364393,0.465912085,0.003450558,6.03409
0.516437604,0.028154452,0.009119944,0.002418292,0.440660328,0.003209381,5.86721
0.523377289,0.031335222,0.005788743,0.003263843,0.434460593,0.001774311,10.865991
0.525973669,0.02787149,0.006075612,0.003381068,0.434199388,0.002498773,11.13689
0.512589148,0.028846616,0.006482637,0.003471838,0.446605683,0.002004078,11.26851
0.490388157,0.035014698,0.008325508,0.004555246,0.459422324,0.002294067,11.330991
0.474121241,0.037008302,0.009778982,0.004868933,0.471959688,0.002262853,11.4269905
0.470450488,0.035531201,0.010065298,0.005005178,0.477144242,0.001803594,11.46829
0.220341266,0.065778505,0.080075233,0.017025166,0.575095306,0.041684523,26.770891
0.232979808,0.067305258,0.073984056,0.018158686,0.574753576,0.032818616,26.75279
0.255697047,0.06657317,0.089282593,0.013297362,0.527139903,0.048009926,26.97311
0.181675007,0.06503763,0.060160095,0.024354502,0.645413416,0.023359351,27.06039
0.199477744,0.065687567,0.062695218,0.028160024,0.614214546,0.0297649,27.47961
0.22857585,0.065392174,0.085491175,0.014091656,0.561168575,0.045280571,26.80279
0.156957423,0.066590364,0.066702943,0.025569654,0.655998157,0.02818146,27.54661
0.219215384,0.066183062,0.080209169,0.017427508,0.57532174,0.041643137,26.7526
0.216622132,0.068906147,0.080470498,0.015807562,0.580768082,0.037425579,27.022509
0.242329762,0.065066162,0.091462495,0.014529907,0.539500387,0.047111287,27.702309
0.211855529,0.066343813,0.071899723,0.017311201,0.599437789,0.033151946,26.8184
0.200756998,0.063397503,0.07553005,0.022204812,0.605395741,0.032714896,26.9957
0.212668835,0.062371993,0.083408458,0.015117219,0.585039502,0.041393993,26.751091
0.19361749,0.06417551,0.065130295,0.02601327,0.620927055,0.03013638,27.48511
0.18310636,0.061281858,0.065634365,0.027474673,0.635220801,0.027281944,27.47249
0.234990854,0.064000838,0.081787819,0.01344194,0.557187316,0.048591233,27.636509
0.186944812,0.061906463,0.065391483,0.02644832,0.624529732,0.03477919,27.47249
0.221127294,0.062560235,0.077948635,0.015041825,0.582854939,0.040467073,26.7526
0.245273403,0.062916692,0.081032021,0.011639961,0.554831894,0.044306029,26.790491
0.193265058,0.067234991,0.074478426,0.02746815,0.602899471,0.034653905,27.47249
0.220516587,0.067340611,0.081632152,0.017051646,0.572663472,0.040795532,26.7526
0.14076668,0.057641824,0.053107934,0.018578982,0.71217906,0.01772552,27.54661
0.185350241,0.066847677,0.067921246,0.019839189,0.625654653,0.034386994,26.79981
0.140480632,0.061412582,0.053583364,0.025627384,0.700331491,0.018564546,27.5069
0.178233669,0.06589756,0.060226027,0.021316612,0.64183768,0.032488452,27.05331
0.160171439,0.070522773,0.066361182,0.025544909,0.650061718,0.027337979,27.00481
0.199152967,0.06422454,0.068478555,0.022806729,0.608044706,0.037292504,27.48511
0.160029353,0.060867778,0.068425547,0.024451539,0.654114837,0.032110946,27.48511
0.107068837,0.042963546,0.065771165,0.016059552,0.700482879,0.067654021,27.347591
0.108609396,0.041790684,0.056273043,0.014964127,0.721614316,0.056748433,27.347591
0.127668788,0.044314766,0.057825107,0.014378213,0.693342702,0.062470423,27.347591
0.117444043,0.043758888,0.057759792,0.015517851,0.710198509,0.055320917,27.347591
0.109639057,0.042983666,0.062672075,0.01570152,0.705471207,0.063532475,27.347591
0.119224443,0.045101875,0.060953257,0.016996321,0.695116373,0.062607731,27.347591
0.102259043,0.04112941,0.060363098,0.014703812,0.716221829,0.065322808,27.39341
0.145295896,0.047075534,0.060917546,0.014826979,0.679245638,0.052638407,27.347591
0.109551952,0.042092991,0.059685353,0.015611709,0.715785285,0.05727271,27.347591
0.105407721,0.043957731,0.057007765,0.016691561,0.724723309,0.052211913,27.138191
0.123280906,0.049287297,0.065478215,0.018793093,0.69298642,0.05017407,27.19919
0.130224033,0.05068111,0.062449496,0.019159239,0.6930635,0.044422621,27.11911
0.144105601,0.050183939,0.062470347,0.015157136,0.676486453,0.051596524,27.27599
0.119677019,0.046519152,0.060369789,0.01640617,0.708936186,0.048091684,27.138191
0.146370595,0.048168418,0.062163344,0.015824743,0.67673831,0.05073459,27.33699
0.114053982,0.043062989,0.054160542,0.015911175,0.722762965,0.050048347,27.138191
0.143802424,0.053278441,0.056521276,0.018553297,0.693116966,0.034727597,27.11911
0.145696468,0.052156179,0.053290611,0.018851628,0.698822694,0.031182419,27.03771
0.127314589,0.045635108,0.05695105,0.016257295,0.704225687,0.049616272,27.19919
0.120336708,0.043012703,0.053150812,0.01494936,0.719944189,0.048606227,27.27599
0.183255301,0.044913703,0.056767019,0.013284586,0.649266431,0.05251296,27.471691
0.169369248,0.043170081,0.055130801,0.013457579,0.661327771,0.05754452,27.6257
0.094988937,0.040277172,0.055349127,0.016726203,0.731004859,0.061653702,27.47511
0.119828918,0.042005363,0.05825164,0.015227677,0.70297898,0.061707423,27.53161
0.100206623,0.041184044,0.056567226,0.016272598,0.725746703,0.060022806,27.408691
0.095585135,0.038883156,0.053630967,0.016756373,0.736280644,0.058863725,27.408691
0.113582206,0.045039325,0.057913924,0.018190263,0.716976186,0.048298096,27.408691
0.141253979,0.043403984,0.059028898,0.014644074,0.681481815,0.060187251,27.60251
0.135509351,0.051996471,0.053781677,0.019614158,0.711701383,0.027396961,27.2621
0.131693977,0.050549417,0.057512327,0.018170755,0.706113512,0.035960011,27.33839
0.138656061,0.049537155,0.056037377,0.018553078,0.697066077,0.040150252,27.408691
0.107168347,0.042143361,0.053897345,0.016824805,0.725022822,0.05494332,27.47511
0.111540264,0.044470969,0.061284655,0.016791183,0.705241379,0.060671548,27.138191
0.12397833,0.045803974,0.057848252,0.016718999,0.705757062,0.049893383,27.2251
0.135613444,0.05064243,0.06140903,0.017224636,0.68322347,0.05188699,27.27599
0.12800496,0.050131038,0.055502085,0.018321256,0.701826515,0.046214145,27.138191
0.118104073,0.047007365,0.064015114,0.017183115,0.702977822,0.05071251,27.298391
0.156265895,0.054760059,0.052594876,0.018411432,0.691579741,0.026387996,27.03771
0.142290121,0.052155831,0.061443481,0.018905849,0.679285986,0.045918731,27.408691
0.100642795,0.042518258,0.057892203,0.017915103,0.718884837,0.062146805,27.34701
0.10345135,0.039356677,0.055616549,0.014809371,0.721971769,0.064794285,27.48641
0.124174826,0.047434789,0.056466957,0.015990926,0.703280649,0.052651853,27.3583
0.140085334,0.045855229,0.059374376,0.014411697,0.679805618,0.060467746,27.53639
0.189064653,0.052353679,0.033710344,0.015059106,0.698767744,0.011044474,26.9554
0.172596845,0.053852923,0.042736307,0.017193853,0.695085463,0.018534609,26.9554
0.144748748,0.054333087,0.055522263,0.020333963,0.69061603,0.03444591,27.27129
0.165318315,0.056107292,0.043187539,0.019065794,0.702154711,0.01416635,26.72251
0.179692879,0.054979854,0.043235309,0.016240801,0.693105126,0.01274603,27.14531
0.142117206,0.053249538,0.054018915,0.020073805,0.699680447,0.030860088,27.2621
0.118842091,0.044551672,0.053480403,0.017636731,0.712796276,0.052692827,27.42699
0.133088025,0.051222441,0.057251144,0.020774319,0.693368914,0.044295158,27.34701
0.21508882,0.060845196,0.040662239,0.014750499,0.657091843,0.011561403,27.0827
0.123763995,0.045085842,0.054183319,0.015915236,0.711957749,0.04909386,27.138191
0.142280601,0.052467616,0.056901275,0.01982489,0.694114656,0.034410963,27.11911
0.122476207,0.04894639,0.060051024,0.019271545,0.706558335,0.042696498,27.11911
0.123637555,0.048994803,0.061367903,0.018864303,0.700968928,0.046166508,27.11911
0.120903815,0.055121837,0.056437327,0.021654867,0.696515019,0.049367134,27.11911
0.113469771,0.043332935,0.054398434,0.01688951,0.727477607,0.044431744,27.11911
0.281236851,0.070168697,0.080870034,0.005107768,0.518589462,0.044027188,25.48431
0.28682903,0.071842259,0.078852698,0.005137199,0.513579991,0.043758824,25.48431
0.28426208,0.070923271,0.080565748,0.005314347,0.516183883,0.042750671,25.48431
0.290404204,0.075628145,0.077918749,0.005519572,0.509802057,0.040727273,26.27199
0.290321547,0.07620653,0.079976695,0.005227083,0.5089019,0.039366244,26.27199
0.29263755,0.073533362,0.07677458,0.005374905,0.512527781,0.039151822,26.27199
0.292813173,0.075288155,0.0749067,0.005746595,0.512679663,0.038565714,27.0095
0.288170964,0.075355504,0.077155844,0.005931341,0.514082091,0.039304256,27.0095
0.303564651,0.072677369,0.072759213,0.005848423,0.508822572,0.036327772,27.0095
0.27914262,0.077927897,0.077251346,0.007227892,0.521868667,0.036581577,27.94639
0.286076686,0.077253256,0.076390222,0.007008276,0.517913509,0.035358052,27.94639
0.277641609,0.077302562,0.076495694,0.007056009,0.525468003,0.036036123,27.94639
0.282280803,0.073988993,0.075040915,0.007815583,0.524354132,0.036519574,28.050009
0.276976364,0.075452048,0.077003969,0.007876306,0.526589786,0.036101528,28.050009
0.270636852,0.075520511,0.077342377,0.00806155,0.532186544,0.036252166,28.050009
0.268682876,0.074381,0.076844941,0.008876394,0.535532329,0.035682459,27.91861
0.276141966,0.073154901,0.074732432,0.009200757,0.53160563,0.035164314,27.91861
0.267283384,0.072928239,0.07686592,0.009487595,0.537752642,0.03568222,27.91861
0.256913002,0.072394761,0.07879823,0.010144146,0.543574206,0.038175654,27.90239
0.261513622,0.075064008,0.081350478,0.010316769,0.533266076,0.038489046,27.90239
0.258741254,0.074830803,0.080169192,0.009953917,0.539087862,0.037216972,27.90239
0.120422389,0.057952644,0.055607905,0.028529356,0.715742347,0.021745359,27.94211
0.13978155,0.061364489,0.053319614,0.023183767,0.703306511,0.019044068,27.855091
0.135799788,0.059602758,0.052582283,0.023050715,0.710712705,0.018251752,27.855091
0.133872848,0.058716308,0.05300933,0.023542024,0.711743037,0.019116453,27.855091
0.204343499,0.061994145,0.072228468,0.016649624,0.608499477,0.036284786,28.00049
0.209766436,0.062535986,0.072963304,0.016603151,0.601647488,0.036483635,28.00049
0.206137246,0.06129618,0.071164924,0.017334037,0.608270139,0.035797474,28.00049
0.24005787,0.067915226,0.073848037,0.011570716,0.568457428,0.038150723,27.85559
0.23440613,0.069565659,0.076504918,0.011206562,0.570414594,0.037902137,27.85559
0.238265595,0.068735036,0.075682671,0.0111886,0.56811505,0.038013048,27.85559
0.238929273,0.070288095,0.078448343,0.0105906,0.561582365,0.040161323,27.845491
0.237678276,0.071759985,0.080981272,0.009900576,0.559711763,0.039968129,27.845491
0.243257077,0.068361869,0.075850743,0.010475987,0.562176548,0.039877776,27.845491
0.235683783,0.069749827,0.078180693,0.011231699,0.565759472,0.039394525,27.9897
0.236495701,0.069817818,0.076873004,0.01135657,0.565663926,0.03979298,27.9897
0.242082151,0.071067525,0.081958501,0.009173919,0.553445213,0.042272692,27.8027
0.239281368,0.071217022,0.081317487,0.009049866,0.557452068,0.041682189,27.8027
0.236457714,0.071468322,0.082160365,0.009117436,0.557553647,0.043242516,27.8027
0.252533448,0.069629698,0.081535586,0.007202592,0.545021336,0.04407734,27.628109
0.261126653,0.07014399,0.078631708,0.006774852,0.540028794,0.043294003,27.628109
0.253997444,0.070876531,0.081979104,0.006933413,0.542086519,0.044126989,27.628109
0.273008369,0.070230527,0.078318799,0.006711674,0.52654463,0.045186001,27.4777
0.259948509,0.07077723,0.081326729,0.006818569,0.537659189,0.043469773,27.4777
0.265556609,0.072130535,0.081161335,0.007384739,0.52918415,0.044582633,27.4777
0.278253356,0.069392599,0.079890286,0.006385879,0.529068318,0.037009563,27.54239
0.282122768,0.069594678,0.079495762,0.006146905,0.524603225,0.038036662,27.54239
0.265361159,0.070304864,0.084136557,0.006760695,0.532517477,0.040919248,27.54239
0.308560069,0.071565317,0.072596987,0.005389168,0.504987203,0.036901255,26.199791
0.263374426,0.072143581,0.085551439,0.005581335,0.525873025,0.047476195,26.18519
0.283773056,0.0714261,0.077114733,0.004532628,0.521131082,0.042022401,26.57531
0.268501648,0.069730362,0.07362033,0.00619122,0.539397836,0.042558605,27.27291
0.232663929,0.066691255,0.082757514,0.009102422,0.557498319,0.051286561,27.98539
0.314448643,0.07164505,0.074069204,0.005921412,0.49835,0.035565691,25.6625
0.279047772,0.072585179,0.077967035,0.005387378,0.524323258,0.040689379,26.02269
0.326978036,0.069993659,0.069482886,0.007181048,0.494517969,0.031846402,26.50959
0.343153983,0.073951209,0.067660716,0.006334519,0.478944414,0.02995516,24.198309
0.316563861,0.066130807,0.064571527,0.005888777,0.507879111,0.038965917,24.29411
0.34139013,0.063167306,0.065006105,0.00479564,0.492666299,0.032974519,24.16571
0.319615661,0.065529946,0.071234513,0.005624394,0.502452042,0.035543444,24.7471
0.292663867,0.064305349,0.068707817,0.007337372,0.520971255,0.04601434,25.79271
0.276500913,0.062781154,0.068653564,0.008323982,0.534439077,0.049301311,26.242191
0.279630858,0.062050769,0.068685207,0.00824329,0.533317959,0.048071918,26.75349
0.379667043,0.063066405,0.069374748,0.005225019,0.454208474,0.028458311,25.717209
0.339393937,0.069132203,0.078898048,0.005071058,0.477583833,0.029920922,23.82011
0.44492634,0.06306814,0.054879688,0.005702963,0.407237301,0.024185568,22.315409
0.35435683,0.028712225,0.014406296,0.003430957,0.593580708,0.005512983,15.05211
0.341600255,0.034775482,0.016907462,0.00397325,0.597188894,0.005554658,15.05211
0.349797607,0.034553421,0.015180066,0.004306002,0.591740452,0.004422451,15.05211
0.351154858,0.042906167,0.020534898,0.005125488,0.575145567,0.005133022,15.169391
0.358751386,0.042526988,0.019748984,0.004990448,0.568825766,0.005156428,15.169391
0.351602326,0.036832151,0.015512945,0.004625402,0.586873956,0.004553221,15.023991
0.355950379,0.037830021,0.018089068,0.004517688,0.579203425,0.00440942,15.023991
0.354063417,0.039181423,0.019863222,0.005140696,0.575944218,0.005807024,15.2596
0.476443192,0.03679718,0.010062668,0.005027936,0.469582287,0.002086738,11.1169
0.467869726,0.033654754,0.009547469,0.004573587,0.4824894,0.001865063,11.1169
0.403579035,0.039709788,0.018691702,0.005488738,0.523292147,0.00923859,16.29789
0.426675131,0.040253815,0.017060109,0.006284225,0.502612518,0.007114201,16.29789
0.418232087,0.043181968,0.018168248,0.006538896,0.505685219,0.008193582,16.29789
0.415781702,0.04390973,0.022650883,0.005031859,0.501267293,0.011358533,16.29789
0.406826334,0.032082249,0.012519292,0.005314367,0.536946539,0.006311218,17.3359
0.410073507,0.034587838,0.013574487,0.005394232,0.530024692,0.006345244,17.3359
0.405222349,0.03347092,0.014384242,0.005311227,0.534031322,0.00757994,17.3359
0.396359327,0.036593261,0.016609232,0.005181064,0.53643886,0.008818255,17.3359
0.288825464,0.065470635,0.062196806,0.009352793,0.543508179,0.030646122,19.5106
0.30444155,0.070129436,0.060502446,0.011697979,0.524188691,0.029039897,19.5106
0.452344616,0.065533797,0.026029972,0.010014564,0.436639149,0.009437902,11.5525
0.237457341,0.060577874,0.055520944,0.011127933,0.603726782,0.031589126,12.168091
0.26587597,0.061055919,0.05512891,0.013201199,0.572735623,0.032002379,25.1618
0.27649365,0.06069633,0.053539751,0.012730287,0.565837609,0.030702373,25.1618
0.276374475,0.060922682,0.055616604,0.014631695,0.560880784,0.03157376,25.1618
0.465143903,0.06314562,0.029807678,0.008753247,0.422192869,0.010956683,24.88809
0.480177193,0.057837364,0.028496964,0.004006089,0.41975819,0.0097242,9.68121
0.476178758,0.056329998,0.027545157,0.003830464,0.427243621,0.008872001,9.416
0.475740049,0.046647154,0.018354849,0.002926563,0.449273014,0.007058371,6.21741
0.477248724,0.047829538,0.019607291,0.003070025,0.444866396,0.007378026,6.13631
0.465718546,0.042518326,0.017273578,0.002810794,0.464894612,0.006784146,6.13631
0.476033907,0.056754775,0.027357389,0.004208165,0.426340381,0.009305383,9.68121
0.448669558,0.030384336,0.013046504,0.005564991,0.496588252,0.00574636,13.8759
0.498642942,0.038011076,0.014991036,0.006251597,0.436125416,0.005977932,13.8759
0.511525285,0.036145664,0.013826791,0.005369821,0.428369621,0.004762818,13.8759
0.392944347,0.042488242,0.025831135,0.005306218,0.522151191,0.011278866,13.19891
0.295945383,0.027925242,0.016597428,0.004711238,0.643149588,0.011671121,12.928809
0.448340602,0.03774683,0.019079897,0.004941479,0.482704546,0.007186647,13.5073
0.442753231,0.033424765,0.016248528,0.004981729,0.496026921,0.006564826,13.3008
0.464915355,0.033916268,0.014994966,0.004810717,0.476092002,0.005270693,13.3008
0.457835846,0.029720994,0.012787973,0.004774526,0.489951305,0.004929356,13.44729
0.509279423,0.029466983,0.011632839,0.004466929,0.441494481,0.003659344,13.278891
0.420713959,0.035822329,0.01830392,0.004930053,0.512592816,0.007636923,13.720791
0.358722101,0.029151235,0.015005538,0.004903432,0.583438039,0.008779654,13.720791
0.436050956,0.042177891,0.022727765,0.004715371,0.486361749,0.007966267,13.199309
0.312959175,0.026601657,0.014709442,0.004350402,0.632333526,0.009045799,12.9116
0.427523843,0.067099924,0.036872592,0.004602972,0.450997336,0.012903333,15.73919
0.447165429,0.011626962,0.002590709,0.002583351,0.533872881,0.002160669,-0.78921
0.514082137,0.013650413,0.003200502,0.002820047,0.464546145,0.001700757,-0.68111
0.488383375,0.01284808,0.002931233,0.002545029,0.491532497,0.001759787,0.68591
0.491381081,0.014636431,0.002978088,0.002894434,0.486201162,0.001908804,-0.11441
0.521644081,0.015062031,0.003010187,0.002881696,0.455697478,0.001704527,-0.44191003
0.543267979,0.016648311,0.003146778,0.002927937,0.432391587,0.001617409,0.90858996
0.51394652,0.012368003,0.002657315,0.002213038,0.467312858,0.001502266,0.88031
0.275829665,0.070682448,0.086582967,0.009886554,0.510211534,0.046806833,27.54781
0.267406874,0.073342402,0.088141198,0.011013643,0.514130969,0.045964914,26.97201
0.25263115,0.075696738,0.088661743,0.015682976,0.523987688,0.043339705,26.679209
0.220670914,0.073342527,0.054526323,0.021037321,0.620474667,0.009948247,24.303791
0.266428209,0.074496736,0.09234014,0.012583298,0.506648246,0.04750337,27.45299
0.233471854,0.068309966,0.050168227,0.01813799,0.615832242,0.014079721,25.63139
0.316211162,0.081053165,0.084782814,0.012958455,0.472160931,0.032833473,28.6426
0.183805217,0.071880672,0.05885909,0.025740349,0.644902606,0.014812066,25.482891
0.266652081,0.073261652,0.09159094,0.009154868,0.510503057,0.048837402,28.07739
0.314489416,0.083272622,0.081810642,0.012573623,0.476118943,0.031734753,28.70471
0.298697652,0.068112305,0.091822452,0.008807906,0.484850365,0.047709319,28.6828
0.23501588,0.071538072,0.094119944,0.013764814,0.546419442,0.048186135,26.69919
0.276309202,0.07257211,0.085075657,0.011546104,0.523466078,0.03438634,28.614191
0.289930115,0.072689728,0.074568968,0.01204082,0.523176171,0.027594198,28.515991
0.267925043,0.075897861,0.085500053,0.011858492,0.51278992,0.046028631,27.2753
0.22248688,0.075228982,0.058258213,0.023614797,0.599756895,0.020654233,26.27989
0.259201341,0.075498384,0.089046038,0.011505581,0.517339811,0.047408846,27.3487
0.304790004,0.073501375,0.089141441,0.008635072,0.4786237,0.045308409,28.22201
0.262007666,0.072460135,0.052716167,0.018511084,0.579175033,0.015129914,25.84591
0.236342272,0.068403659,0.099186021,0.0110811,0.534342932,0.050644015,28.71179
0.319090245,0.080448011,0.086697053,0.0131538,0.46962143,0.030989462,28.74439
0.278896464,0.076937846,0.089877389,0.011587113,0.49606732,0.046633867,26.89999
0.225306851,0.07517764,0.061183008,0.02118918,0.594975943,0.022167377,26.085009
0.329281768,0.086489201,0.075238574,0.016373682,0.460673029,0.031943747,17.72991
0.340234023,0.100210021,0.068606861,0.01190119,0.455745575,0.02330233,17.72991
0.344865513,0.097190281,0.084091591,0.01279872,0.448155184,0.01289871,17.70421
0.327867213,0.169683032,0.129487051,0.02989701,0.325267473,0.01779822,17.70421
0.340211425,0.07094938,0.0733889,0.010571254,0.478654198,0.026224842,17.698809
0.382138214,0.064606461,0.056505651,0.00620062,0.473247325,0.01730173,17.698809
0.329579502,0.066742432,0.079140407,0.013637772,0.466680442,0.044219444,17.698809
0.423123365,0.079291608,0.067417992,0.010062387,0.402394848,0.017709801,17.67989
0.398139814,0.062406241,0.067906791,0.00870087,0.437543754,0.02530253,18.4328
0.303,0.076,0.051,0.016,0.546,0.008,24.76359
0.287,0.067,0.039,0.013,0.583,0.011,24.689991
0.254,0.077,0.058,0.022,0.566,0.022,24.557709
0.274,0.076,0.053,0.019,0.557,0.02,24.72221
0.313,0.074,0.042,0.014,0.547,0.01,25.102491
0.304,0.078,0.047,0.014,0.545,0.011,25.34519
0.276,0.075,0.052,0.02,0.557,0.02,25.28081
0.285,0.065,0.04,0.012,0.588,0.01,25.12669
0.31,0.074,0.044,0.015,0.546,0.011,24.65651
0.261,0.07,0.049,0.016,0.589,0.014,25.34519
0.295,0.068,0.04,0.013,0.572,0.011,26.108
0.282,0.092,0.065,0.022,0.517,0.021,25.36079
0.181,0.063,0.051,0.019,0.659,0.026,26.085009
0.268,0.09,0.07,0.023,0.524,0.024,25.7237
0.236,0.091,0.078,0.026,0.539,0.03,26.13059
0.281,0.078,0.05,0.017,0.559,0.015,26.03911
0.236,0.082,0.068,0.022,0.566,0.026,26.26281
0.237,0.076,0.078,0.021,0.545,0.043,26.76449
0.299,0.093,0.107,0.015,0.432,0.054,26.787409
0.462879297,0.051325582,0.017120494,0.006563661,0.456573231,0.005537735,8.0793
0.456057762,0.029992259,0.01054389,0.002838844,0.460455272,0.040111973,7.77819
0.489471664,0.02599333,0.008813825,0.002767725,0.468249792,0.004703665,7.7942
0.445628114,0.023350198,0.007315265,0.003306048,0.516688365,0.003712012,5.07211
0.491643383,0.027539037,0.007663625,0.002535509,0.460694464,0.009923982,4.74541
0.362074339,0.016237013,0.004975512,0.002743718,0.609585543,0.004383875,5.19631
0.362881592,0.015022316,0.004057989,0.001808562,0.610497872,0.005731671,5.19631
0.473537478,0.031141798,0.010948015,0.002947651,0.478103535,0.003321524,6.0402102
0.50495534,0.020942373,0.006730545,0.002516014,0.461350837,0.003504891,5.19631
0.408081472,0.017948539,0.004505106,0.00130362,0.559237205,0.008924059,5.46459
0.61,0.008,0.003,0.002,0.371,0.002,-0.39701003
0.63,0.01,0.003,0.002,0.356,0.003,-0.56791
0.66,0.012,0.003,0.002,0.32,0.003,-0.50871
0.66,0.011,0.003,0.001,0.318,0.002,1.15079
0.283162442,0.069933134,0.077805078,0.011711651,0.504164109,0.053223586,20.96759
0.337015013,0.069880266,0.056970458,0.007451945,0.505124327,0.023557992,18.03399